"woldenberg","barragan","cantu","cardenas","lujambio","merino","molinar","peschard","zebadua","rivera","luken","folio","date","yr","mo","dy","qtr","sem","term","dunan"
1,1,1,1,1,1,1,1,1,0,0,196,1996-10-31,1996,10,31,1996.4,1996.2,2,1
1,2,1,1,1,1,1,1,1,0,0,197,1996-11-07,1996,11,7,1996.4,1996.2,2,0
1,2,1,1,1,1,1,1,1,0,0,198,1996-11-07,1996,11,7,1996.4,1996.2,2,0
1,1,1,1,1,1,1,1,1,0,0,199,1996-11-07,1996,11,7,1996.4,1996.2,2,1
1,1,1,1,1,1,1,1,1,0,0,200,1996-11-22,1996,11,22,1996.4,1996.2,2,1
1,1,1,1,1,1,1,1,1,0,0,201,1996-11-22,1996,11,22,1996.4,1996.2,2,1
1,1,1,1,1,1,1,1,1,0,0,202,1996-11-22,1996,11,22,1996.4,1996.2,2,1
1,1,1,1,1,1,1,1,1,0,0,203,1996-11-22,1996,11,22,1996.4,1996.2,2,1
1,1,1,1,1,1,1,1,1,0,0,204,1996-11-22,1996,11,22,1996.4,1996.2,2,1
1,1,1,1,1,1,1,1,1,0,0,205,1996-11-22,1996,11,22,1996.4,1996.2,2,1
1,1,1,1,1,1,1,1,1,0,0,206,1996-12-03,1996,12,3,1996.4,1996.2,2,1
1,1,1,1,1,1,1,1,1,0,0,207,1996-12-03,1996,12,3,1996.4,1996.2,2,1
1,1,1,1,1,1,1,1,1,0,0,208,1996-12-03,1996,12,3,1996.4,1996.2,2,1
1,1,1,1,1,1,1,1,1,0,0,209,1996-12-03,1996,12,3,1996.4,1996.2,2,1
1,1,1,1,1,1,1,1,1,0,0,210,1996-12-03,1996,12,3,1996.4,1996.2,2,1
1,1,1,1,1,1,1,1,1,0,0,211,1996-12-23,1996,12,23,1996.4,1996.2,2,1
1,1,1,1,1,1,1,1,1,0,0,212,1996-12-23,1996,12,23,1996.4,1996.2,2,1
1,1,1,1,1,1,1,1,2,0,0,213,1996-12-23,1996,12,23,1996.4,1996.2,2,0
1,1,1,1,1,1,1,1,2,0,0,214,1996-12-23,1996,12,23,1996.4,1996.2,2,0
1,1,1,1,1,1,1,1,1,0,0,215,1996-12-23,1996,12,23,1996.4,1996.2,2,1
1,1,1,1,1,1,1,1,1,0,0,216,1996-12-23,1996,12,23,1996.4,1996.2,2,1
1,1,1,1,1,1,1,1,1,0,0,217,1996-12-23,1996,12,23,1996.4,1996.2,2,1
1,1,1,1,1,1,1,1,1,0,0,218,1996-12-23,1996,12,23,1996.4,1996.2,2,1
1,1,1,2,1,1,1,1,1,0,0,219,1996-12-23,1996,12,23,1996.4,1996.2,2,0
1,1,1,3,1,1,1,1,1,0,0,220,1996-12-23,1996,12,23,1996.4,1996.2,2,0
1,1,2,2,2,1,2,1,1,0,0,221,1996-12-23,1996,12,23,1996.4,1996.2,2,0
1,1,1,1,1,1,1,1,1,0,0,222,1996-12-23,1996,12,23,1996.4,1996.2,2,1
1,1,1,1,1,1,1,1,1,0,0,223,1997-01-15,1997,1,15,1997.1,1997.1,2,1
1,1,1,1,1,1,1,1,1,0,0,224,1997-01-15,1997,1,15,1997.1,1997.1,2,1
1,1,1,1,1,1,1,1,1,0,0,225,1997-01-15,1997,1,15,1997.1,1997.1,2,1
1,1,1,1,1,1,1,1,1,0,0,226,1997-01-15,1997,1,15,1997.1,1997.1,2,1
1,1,1,1,1,1,1,1,1,0,0,227,1997-01-15,1997,1,15,1997.1,1997.1,2,1
1,1,1,1,1,1,1,1,1,0,0,228,1997-01-15,1997,1,15,1997.1,1997.1,2,1
1,2,1,1,1,1,1,1,1,0,0,229,1997-01-15,1997,1,15,1997.1,1997.1,2,0
1,1,1,1,1,1,1,1,1,0,0,230,1997-01-15,1997,1,15,1997.1,1997.1,2,1
1,1,1,1,1,1,1,1,1,0,0,231,1997-01-15,1997,1,15,1997.1,1997.1,2,1
1,1,1,1,1,1,1,1,1,0,0,232,1997-01-15,1997,1,15,1997.1,1997.1,2,1
1,1,1,1,1,1,1,1,1,0,0,233,1997-01-15,1997,1,15,1997.1,1997.1,2,1
1,1,1,1,1,1,1,1,1,0,0,234,1997-01-15,1997,1,15,1997.1,1997.1,2,1
1,1,1,1,1,1,1,1,1,0,0,235,1997-01-15,1997,1,15,1997.1,1997.1,2,1
1,1,1,1,1,1,1,1,1,0,0,236,1997-01-15,1997,1,15,1997.1,1997.1,2,1
1,1,1,2,1,1,1,1,1,0,0,237,1997-01-15,1997,1,15,1997.1,1997.1,2,0
1,1,1,1,1,1,1,1,1,0,0,238,1997-01-15,1997,1,15,1997.1,1997.1,2,1
1,1,1,1,1,1,1,1,1,0,0,239,1997-01-15,1997,1,15,1997.1,1997.1,2,1
1,1,1,1,1,1,1,1,1,0,0,240,1997-01-15,1997,1,15,1997.1,1997.1,2,1
1,1,1,1,1,1,1,1,1,0,0,241,1997-01-15,1997,1,15,1997.1,1997.1,2,1
1,1,2,2,1,1,1,1,2,0,0,242,1997-01-15,1997,1,15,1997.1,1997.1,2,0
1,1,1,1,1,1,1,1,1,0,0,243,1997-01-15,1997,1,15,1997.1,1997.1,2,1
1,1,1,1,1,1,1,1,1,0,0,244,1997-01-15,1997,1,15,1997.1,1997.1,2,1
1,1,1,1,1,1,1,1,1,0,0,245,1997-01-15,1997,1,15,1997.1,1997.1,2,1
1,1,1,1,1,1,1,1,1,0,0,246,1997-01-23,1997,1,23,1997.1,1997.1,2,1
1,1,1,2,1,1,1,1,1,0,0,247,1997-01-23,1997,1,23,1997.1,1997.1,2,0
1,1,1,1,1,1,1,1,1,0,0,248,1997-01-23,1997,1,23,1997.1,1997.1,2,1
1,1,1,1,1,1,1,1,1,0,0,249,1997-01-23,1997,1,23,1997.1,1997.1,2,1
1,1,1,1,1,1,1,1,1,0,0,250,1997-01-23,1997,1,23,1997.1,1997.1,2,1
1,1,1,1,1,1,1,1,1,0,0,251,1997-01-23,1997,1,23,1997.1,1997.1,2,1
1,1,1,1,1,1,1,1,1,0,0,252,1997-01-23,1997,1,23,1997.1,1997.1,2,1
1,1,1,1,1,1,1,1,1,0,0,253,1997-01-23,1997,1,23,1997.1,1997.1,2,1
1,1,1,1,1,1,1,1,1,0,0,254,1997-02-21,1997,2,21,1997.1,1997.1,2,1
1,1,1,1,1,1,1,1,1,0,0,255,1997-02-21,1997,2,21,1997.1,1997.1,2,1
1,1,1,1,1,1,1,1,1,0,0,256,1997-02-21,1997,2,21,1997.1,1997.1,2,1
1,1,1,1,1,1,1,1,1,0,0,257,1997-02-21,1997,2,21,1997.1,1997.1,2,1
1,1,1,1,1,1,1,1,1,0,0,258,1997-02-21,1997,2,21,1997.1,1997.1,2,1
1,1,1,1,1,1,1,1,1,0,0,259,1997-02-21,1997,2,21,1997.1,1997.1,2,1
1,2,1,1,1,1,1,1,1,0,0,260,1997-02-21,1997,2,21,1997.1,1997.1,2,0
1,2,1,1,1,1,1,1,1,0,0,261,1997-02-21,1997,2,21,1997.1,1997.1,2,0
1,1,1,1,1,1,1,1,1,0,0,262,1997-02-21,1997,2,21,1997.1,1997.1,2,1
1,1,1,1,1,1,1,1,1,0,0,263,1997-02-21,1997,2,21,1997.1,1997.1,2,1
1,1,1,1,1,1,1,1,1,0,0,264,1997-02-21,1997,2,21,1997.1,1997.1,2,1
1,1,1,1,1,1,1,1,1,0,0,265,1997-02-21,1997,2,21,1997.1,1997.1,2,1
1,1,1,1,1,1,1,1,1,0,0,266,1997-02-21,1997,2,21,1997.1,1997.1,2,1
1,1,1,1,1,1,1,1,1,0,0,267,1997-02-21,1997,2,21,1997.1,1997.1,2,1
1,1,1,1,1,1,1,1,1,0,0,268,1997-02-21,1997,2,21,1997.1,1997.1,2,1
1,1,1,1,1,1,1,1,1,0,0,269,1997-02-26,1997,2,26,1997.1,1997.1,2,1
1,1,1,1,1,1,1,1,1,0,0,270,1997-02-26,1997,2,26,1997.1,1997.1,2,1
1,3,1,1,1,1,1,1,1,0,0,271,1997-02-26,1997,2,26,1997.1,1997.1,2,0
1,1,1,1,1,1,1,1,1,0,0,272,1997-02-26,1997,2,26,1997.1,1997.1,2,1
1,1,1,1,1,1,1,1,1,0,0,273,1997-03-25,1997,3,25,1997.1,1997.1,2,1
1,1,1,1,1,1,1,1,1,0,0,274,1997-03-25,1997,3,25,1997.1,1997.1,2,1
1,1,1,1,1,1,1,1,1,0,0,275,1997-03-25,1997,3,25,1997.1,1997.1,2,1
1,1,1,1,1,1,1,1,1,0,0,276,1997-03-25,1997,3,25,1997.1,1997.1,2,1
1,1,1,1,1,1,1,1,1,0,0,277,1997-03-25,1997,3,25,1997.1,1997.1,2,1
1,1,1,1,1,1,1,1,1,0,0,278,1997-03-25,1997,3,25,1997.1,1997.1,2,1
1,1,1,1,1,1,1,1,1,0,0,279,1997-03-25,1997,3,25,1997.1,1997.1,2,1
1,1,1,1,1,1,1,1,1,0,0,280,1997-03-25,1997,3,25,1997.1,1997.1,2,1
1,2,1,1,1,1,1,1,1,0,0,281,1997-03-25,1997,3,25,1997.1,1997.1,2,0
1,1,1,1,1,1,1,1,1,0,0,282,1997-03-25,1997,3,25,1997.1,1997.1,2,1
1,1,1,1,1,1,1,1,1,0,0,283,1997-03-25,1997,3,25,1997.1,1997.1,2,1
1,1,1,1,1,1,1,1,1,0,0,284,1997-03-25,1997,3,25,1997.1,1997.1,2,1
1,1,1,1,1,1,1,1,1,0,0,285,1997-03-25,1997,3,25,1997.1,1997.1,2,1
1,1,1,1,1,1,1,1,1,0,0,286,1997-03-25,1997,3,25,1997.1,1997.1,2,1
1,1,1,1,1,1,1,1,1,0,0,287,1997-03-25,1997,3,25,1997.1,1997.1,2,1
1,1,1,1,1,1,1,1,1,0,0,288,1997-03-25,1997,3,25,1997.1,1997.1,2,1
1,1,1,1,1,1,1,1,1,0,0,289,1997-04-18,1997,4,18,1997.2,1997.1,2,1
1,1,1,1,1,1,1,1,1,0,0,290,1997-04-18,1997,4,18,1997.2,1997.1,2,1
1,1,1,1,1,1,1,1,1,0,0,291,1997-04-25,1997,4,25,1997.2,1997.1,2,1
1,1,1,1,1,1,1,1,1,0,0,292,1997-04-25,1997,4,25,1997.2,1997.1,2,1
1,1,1,1,1,2,1,2,2,0,0,293,1997-04-25,1997,4,25,1997.2,1997.1,2,0
1,1,1,1,1,1,1,1,1,0,0,294,1997-04-25,1997,4,25,1997.2,1997.1,2,1
1,1,1,1,1,1,1,1,1,0,0,295,1997-04-25,1997,4,25,1997.2,1997.1,2,1
1,1,1,1,1,1,1,1,1,0,0,296,1997-04-25,1997,4,25,1997.2,1997.1,2,1
1,1,1,1,1,1,1,1,1,0,0,297,1997-04-25,1997,4,25,1997.2,1997.1,2,1
1,1,1,1,1,1,1,1,1,0,0,298,1997-04-25,1997,4,25,1997.2,1997.1,2,1
1,1,2,2,2,1,2,1,1,0,0,299,1997-04-25,1997,4,25,1997.2,1997.1,2,0
3,2,1,1,1,1,1,1,1,0,0,300,1997-04-25,1997,4,25,1997.2,1997.1,2,0
1,1,1,1,1,1,1,1,1,0,0,301,1997-04-25,1997,4,25,1997.2,1997.1,2,1
1,1,1,1,1,1,1,1,1,0,0,302,1997-04-25,1997,4,25,1997.2,1997.1,2,1
1,1,1,1,1,1,1,1,1,0,0,303,1997-04-25,1997,4,25,1997.2,1997.1,2,1
1,1,1,1,1,1,1,1,1,0,0,304,1997-04-25,1997,4,25,1997.2,1997.1,2,1
1,1,1,1,1,1,1,1,1,0,0,305,1997-04-25,1997,4,25,1997.2,1997.1,2,1
1,1,1,1,1,1,1,1,1,0,0,306,1997-04-25,1997,4,25,1997.2,1997.1,2,1
1,1,1,1,1,1,1,1,1,0,0,307,1997-04-25,1997,4,25,1997.2,1997.1,2,1
1,1,1,1,1,1,1,1,1,0,0,308,1997-04-25,1997,4,25,1997.2,1997.1,2,1
1,1,1,1,1,1,1,1,1,0,0,309,1997-04-25,1997,4,25,1997.2,1997.1,2,1
1,1,1,1,1,1,1,1,1,0,0,310,1997-04-25,1997,4,25,1997.2,1997.1,2,1
1,1,1,1,1,1,1,1,1,0,0,311,1997-04-25,1997,4,25,1997.2,1997.1,2,1
1,1,1,1,4,1,1,1,1,0,0,312,1997-05-03,1997,5,3,1997.2,1997.1,2,1
1,1,1,1,1,1,1,1,1,0,0,313,1997-05-30,1997,5,30,1997.2,1997.1,2,1
1,1,1,1,1,1,1,1,1,0,0,314,1997-05-30,1997,5,30,1997.2,1997.1,2,1
1,1,1,1,1,1,1,1,1,0,0,315,1997-05-30,1997,5,30,1997.2,1997.1,2,1
1,1,1,1,1,1,1,1,1,0,0,316,1997-05-30,1997,5,30,1997.2,1997.1,2,1
1,1,1,1,1,1,1,1,1,0,0,317,1997-05-30,1997,5,30,1997.2,1997.1,2,1
1,3,1,1,1,1,1,1,1,0,0,318,1997-05-30,1997,5,30,1997.2,1997.1,2,0
1,2,1,1,1,1,1,1,1,0,0,319,1997-05-30,1997,5,30,1997.2,1997.1,2,0
1,1,1,1,1,1,1,1,1,0,0,320,1997-05-30,1997,5,30,1997.2,1997.1,2,1
1,1,1,1,1,1,1,1,1,0,0,321,1997-05-30,1997,5,30,1997.2,1997.1,2,1
1,1,1,1,1,1,1,1,1,0,0,322,1997-06-03,1997,6,3,1997.2,1997.1,2,1
1,1,1,1,1,1,1,1,1,0,0,323,1997-06-03,1997,6,3,1997.2,1997.1,2,1
1,1,1,1,1,1,1,1,1,0,0,324,1997-06-03,1997,6,3,1997.2,1997.1,2,1
1,1,1,1,1,1,1,1,1,0,0,325,1997-06-03,1997,6,3,1997.2,1997.1,2,1
1,1,1,1,1,1,1,1,1,0,0,326,1997-06-03,1997,6,3,1997.2,1997.1,2,1
1,1,1,1,1,1,1,1,1,0,0,327,1997-06-03,1997,6,3,1997.2,1997.1,2,1
1,1,2,1,1,1,2,1,1,0,0,328,1997-06-03,1997,6,3,1997.2,1997.1,2,0
1,1,1,1,1,1,1,1,1,0,0,331,1997-06-03,1997,6,3,1997.2,1997.1,2,1
1,1,1,1,1,1,1,1,1,0,0,344,1997-06-27,1997,6,27,1997.2,1997.1,2,1
1,1,1,1,1,1,1,1,1,0,0,345,1997-06-27,1997,6,27,1997.2,1997.1,2,1
1,1,1,1,1,1,1,1,1,0,0,346,1997-06-27,1997,6,27,1997.2,1997.1,2,1
1,3,1,1,1,1,1,1,1,0,0,347,1997-06-27,1997,6,27,1997.2,1997.1,2,0
1,1,1,1,1,1,1,1,1,0,0,348,1997-06-27,1997,6,27,1997.2,1997.1,2,1
1,1,1,1,1,1,1,1,1,0,0,349,1997-06-27,1997,6,27,1997.2,1997.1,2,1
1,1,1,1,1,1,1,1,1,0,0,350,1997-06-27,1997,6,27,1997.2,1997.1,2,1
1,1,1,1,1,1,1,1,1,0,0,351,1997-06-27,1997,6,27,1997.2,1997.1,2,1
1,1,1,1,1,1,1,1,1,0,0,352,1997-06-27,1997,6,27,1997.2,1997.1,2,1
1,1,1,1,1,1,1,1,1,0,0,353,1997-06-27,1997,6,27,1997.2,1997.1,2,1
1,1,1,1,1,1,1,1,1,0,0,367,1997-06-06,1997,6,6,1997.2,1997.1,2,1
1,1,1,1,1,1,1,1,1,0,0,368,1997-06-06,1997,6,6,1997.2,1997.1,2,1
1,1,1,1,1,1,1,1,1,0,0,369,1997-06-06,1997,6,6,1997.2,1997.1,2,1
1,1,1,1,1,1,1,1,1,0,0,370,1997-08-21,1997,8,21,1997.3,1997.2,2,1
1,1,1,1,1,1,1,1,1,0,0,371,1997-08-21,1997,8,21,1997.3,1997.2,2,1
1,1,1,1,1,1,1,1,1,0,0,372,1997-10-09,1997,10,9,1997.4,1997.2,2,1
1,1,1,1,1,1,1,1,1,0,0,373,1997-10-09,1997,10,9,1997.4,1997.2,2,1
1,1,1,1,1,1,1,1,1,0,0,374,1997-10-09,1997,10,9,1997.4,1997.2,2,1
1,1,1,1,1,1,1,1,1,0,0,375,1997-10-09,1997,10,9,1997.4,1997.2,2,1
1,1,1,1,1,1,1,1,1,0,0,376,1997-10-09,1997,10,9,1997.4,1997.2,2,1
1,1,1,1,1,1,1,1,1,0,0,377,1997-12-16,1997,12,16,1997.4,1997.2,2,1
1,1,1,1,1,2,1,1,1,0,0,378,1997-12-16,1997,12,16,1997.4,1997.2,2,0
2,2,2,2,2,1,2,2,2,0,0,379,1997-12-16,1997,12,16,1997.4,1997.2,2,0
1,1,1,1,1,1,1,1,1,0,0,380,1997-12-16,1997,12,16,1997.4,1997.2,2,1
1,1,1,1,1,1,1,1,1,0,0,381,1997-12-16,1997,12,16,1997.4,1997.2,2,1
2,2,1,1,1,2,2,2,1,0,0,382,1997-12-16,1997,12,16,1997.4,1997.2,2,0
1,1,2,2,2,1,2,1,2,0,0,383,1997-12-16,1997,12,16,1997.4,1997.2,2,0
1,1,2,2,2,1,1,1,2,0,0,384,1997-12-16,1997,12,16,1997.4,1997.2,2,0
2,2,1,1,1,2,1,2,1,0,0,385,1997-12-16,1997,12,16,1997.4,1997.2,2,0
1,1,1,1,1,1,1,1,1,0,0,386,1997-12-16,1997,12,16,1997.4,1997.2,2,1
2,2,1,1,1,2,2,2,1,0,0,387,1997-12-16,1997,12,16,1997.4,1997.2,2,0
1,1,2,2,2,1,2,1,2,0,0,388,1997-12-16,1997,12,16,1997.4,1997.2,2,0
1,1,2,2,2,1,1,1,2,0,0,389,1997-12-16,1997,12,16,1997.4,1997.2,2,0
2,2,1,1,1,2,1,2,1,0,0,390,1997-12-16,1997,12,16,1997.4,1997.2,2,0
1,1,1,1,1,1,1,1,1,0,0,391,1997-12-16,1997,12,16,1997.4,1997.2,2,1
1,1,2,2,2,2,2,1,2,0,0,392,1997-12-16,1997,12,16,1997.4,1997.2,2,0
2,2,2,1,2,2,2,2,2,0,0,393,1997-12-16,1997,12,16,1997.4,1997.2,2,0
2,2,1,1,1,1,1,2,1,0,0,394,1997-12-16,1997,12,16,1997.4,1997.2,2,0
1,1,1,1,1,1,3,1,1,0,0,395,1997-12-16,1997,12,16,1997.4,1997.2,2,0
1,1,1,2,1,1,1,1,1,0,0,396,1997-12-16,1997,12,16,1997.4,1997.2,2,0
1,1,1,1,1,1,1,1,1,0,0,397,1998-01-30,1998,1,30,1998.1,1998.1,2,1
1,2,1,1,1,1,1,1,1,0,0,398,1998-01-30,1998,1,30,1998.1,1998.1,2,0
1,2,1,1,1,1,1,1,1,0,0,399,1998-01-30,1998,1,30,1998.1,1998.1,2,0
1,1,1,1,1,1,1,1,1,0,0,400,1998-01-30,1998,1,30,1998.1,1998.1,2,1
1,1,1,1,1,1,1,1,1,0,0,401,1998-01-30,1998,1,30,1998.1,1998.1,2,1
1,1,1,1,1,1,1,1,1,0,0,402,1998-01-30,1998,1,30,1998.1,1998.1,2,1
1,1,1,1,1,1,1,1,1,0,0,403,1998-01-30,1998,1,30,1998.1,1998.1,2,1
1,1,1,1,1,1,1,1,1,0,0,404,1998-01-30,1998,1,30,1998.1,1998.1,2,1
1,1,1,1,1,1,1,1,1,0,0,405,1998-01-30,1998,1,30,1998.1,1998.1,2,1
1,1,1,1,1,1,1,1,1,0,0,406,1998-01-30,1998,1,30,1998.1,1998.1,2,1
1,1,1,1,1,1,1,1,1,0,0,407,1998-01-30,1998,1,30,1998.1,1998.1,2,1
1,1,1,1,1,1,1,1,1,0,0,408,1998-01-30,1998,1,30,1998.1,1998.1,2,1
1,2,1,1,1,1,1,1,1,0,0,409,1998-01-30,1998,1,30,1998.1,1998.1,2,0
1,1,1,1,1,1,1,1,1,0,0,410,1998-01-30,1998,1,30,1998.1,1998.1,2,1
1,1,1,1,1,1,1,1,1,0,0,417,1998-01-30,1998,1,30,1998.1,1998.1,2,1
1,1,1,1,1,1,1,1,1,0,0,495,1998-04-07,1998,4,7,1998.2,1998.1,2,1
1,1,3,3,1,1,1,1,1,0,0,496,1998-04-07,1998,4,7,1998.2,1998.1,2,0
1,1,1,1,1,1,1,1,1,0,0,497,1998-04-29,1998,4,29,1998.2,1998.1,2,1
1,1,1,1,1,1,1,1,1,0,0,498,1998-04-29,1998,4,29,1998.2,1998.1,2,1
1,1,1,1,1,1,1,1,1,0,0,499,1998-04-29,1998,4,29,1998.2,1998.1,2,1
1,1,1,1,1,1,1,1,1,0,0,500,1998-04-29,1998,4,29,1998.2,1998.1,2,1
1,1,1,1,1,1,1,1,1,0,0,501,1998-04-29,1998,4,29,1998.2,1998.1,2,1
1,1,1,1,1,1,1,1,1,0,0,502,1998-04-29,1998,4,29,1998.2,1998.1,2,1
1,1,1,1,1,1,1,1,1,0,0,503,1998-04-29,1998,4,29,1998.2,1998.1,2,1
1,1,1,1,1,1,1,1,1,0,0,504,1998-04-29,1998,4,29,1998.2,1998.1,2,1
1,1,1,1,1,1,1,1,1,0,0,505,1998-04-29,1998,4,29,1998.2,1998.1,2,1
1,1,1,1,1,1,1,1,1,0,0,506,1998-04-29,1998,4,29,1998.2,1998.1,2,1
1,1,1,1,1,1,1,1,1,0,0,507,1998-04-29,1998,4,29,1998.2,1998.1,2,1
1,1,1,1,1,1,1,1,1,0,0,508,1998-04-29,1998,4,29,1998.2,1998.1,2,1
1,1,1,2,1,1,1,1,1,0,0,518,1998-04-29,1998,4,29,1998.2,1998.1,2,0
1,1,1,1,1,1,1,1,1,0,0,522,1998-04-29,1998,4,29,1998.2,1998.1,2,1
3,2,2,2,2,2,2,2,2,0,0,523,1998-04-29,1998,4,29,1998.2,1998.1,2,0
1,3,1,1,1,1,1,1,1,0,0,524,1998-06-30,1998,6,30,1998.2,1998.1,2,0
1,1,1,1,1,1,1,1,1,0,0,525,1998-06-30,1998,6,30,1998.2,1998.1,2,1
1,1,1,1,1,1,1,1,1,0,0,526,1998-06-30,1998,6,30,1998.2,1998.1,2,1
1,1,1,1,1,1,1,1,1,0,0,527,1998-06-30,1998,6,30,1998.2,1998.1,2,1
1,1,1,1,1,1,1,1,1,0,0,528,1998-07-23,1998,7,23,1998.3,1998.2,2,1
1,3,1,1,1,1,1,1,1,0,0,529,1998-07-23,1998,7,23,1998.3,1998.2,2,0
1,1,1,1,1,1,1,1,1,0,0,530,1998-07-23,1998,7,23,1998.3,1998.2,2,1
1,1,1,1,1,1,1,1,1,0,0,531,1998-08-10,1998,8,10,1998.3,1998.2,2,1
1,2,1,1,1,1,1,1,1,0,0,532,1998-08-10,1998,8,10,1998.3,1998.2,2,0
1,1,1,1,1,1,1,1,1,0,0,533,1998-08-10,1998,8,10,1998.3,1998.2,2,1
1,1,1,1,1,1,1,1,1,0,0,534,1998-09-17,1998,9,17,1998.3,1998.2,2,1
1,1,1,1,1,1,1,1,1,0,0,535,1998-09-17,1998,9,17,1998.3,1998.2,2,1
2,2,2,1,2,2,2,2,2,0,0,536,1998-09-17,1998,9,17,1998.3,1998.2,2,0
1,3,1,1,1,1,1,1,1,0,0,537,1998-09-17,1998,9,17,1998.3,1998.2,2,0
1,1,1,1,1,1,1,1,1,0,0,538,1998-10-13,1998,10,13,1998.4,1998.2,2,1
1,1,1,1,1,1,1,1,1,0,0,539,1998-10-13,1998,10,13,1998.4,1998.2,2,1
1,1,1,1,1,1,1,1,1,0,0,540,1998-10-13,1998,10,13,1998.4,1998.2,2,1
1,3,1,1,1,1,1,1,1,0,0,541,1998-10-13,1998,10,13,1998.4,1998.2,2,0
2,1,2,2,2,2,1,2,1,0,0,542,1998-10-13,1998,10,13,1998.4,1998.2,2,0
1,3,1,1,1,1,1,1,1,0,0,543,1998-10-13,1998,10,13,1998.4,1998.2,2,0
1,1,2,1,2,1,1,1,1,0,0,544,1998-10-13,1998,10,13,1998.4,1998.2,2,0
1,1,1,1,1,1,1,1,1,0,0,545,1998-10-13,1998,10,13,1998.4,1998.2,2,1
1,1,1,1,1,1,1,1,1,0,0,546,1998-10-13,1998,10,13,1998.4,1998.2,2,1
1,2,1,1,1,1,1,1,1,0,0,547,1998-10-13,1998,10,13,1998.4,1998.2,2,0
1,3,1,1,1,1,1,1,1,0,0,548,1998-10-13,1998,10,13,1998.4,1998.2,2,0
1,2,1,1,1,1,1,1,1,0,0,549,1998-10-13,1998,10,13,1998.4,1998.2,2,0
1,3,3,1,3,1,1,1,1,0,0,550,1998-10-13,1998,10,13,1998.4,1998.2,2,0
1,1,1,1,1,1,1,1,3,0,0,551,1998-10-13,1998,10,13,1998.4,1998.2,2,0
1,1,1,1,1,1,1,1,3,0,0,552,1998-10-13,1998,10,13,1998.4,1998.2,2,0
1,1,1,1,1,1,1,1,3,0,0,553,1998-10-13,1998,10,13,1998.4,1998.2,2,0
3,1,1,1,1,1,1,2,3,0,0,554,1998-10-13,1998,10,13,1998.4,1998.2,2,0
1,2,1,1,1,1,1,1,1,0,0,555,1998-10-13,1998,10,13,1998.4,1998.2,2,0
2,1,1,1,1,1,1,3,1,0,0,556,1998-11-16,1998,11,16,1998.4,1998.2,2,0
1,2,2,2,2,2,2,1,2,0,0,557,1998-11-16,1998,11,16,1998.4,1998.2,2,0
1,1,1,1,1,1,1,1,1,0,0,558,1998-11-16,1998,11,16,1998.4,1998.2,2,1
1,1,1,1,1,1,1,1,1,0,0,559,1998-11-16,1998,11,16,1998.4,1998.2,2,1
1,1,1,3,1,1,1,1,1,0,0,560,1998-12-16,1998,12,16,1998.4,1998.2,2,0
2,2,2,1,2,2,2,2,2,0,0,561,1998-12-16,1998,12,16,1998.4,1998.2,2,0
2,2,2,1,2,2,2,2,2,0,0,562,1998-12-16,1998,12,16,1998.4,1998.2,2,0
1,3,1,1,1,1,1,1,1,0,0,563,1998-12-16,1998,12,16,1998.4,1998.2,2,0
2,3,2,1,2,2,2,2,2,0,0,564,1998-12-16,1998,12,16,1998.4,1998.2,2,0
1,1,1,1,1,1,1,1,1,0,0,565,1998-12-16,1998,12,16,1998.4,1998.2,2,1
1,1,1,1,1,1,1,1,1,0,0,566,1998-12-16,1998,12,16,1998.4,1998.2,2,1
1,1,1,1,1,1,1,1,1,0,0,567,1998-12-16,1998,12,16,1998.4,1998.2,2,1
1,1,1,1,1,1,1,1,1,0,0,568,1998-12-16,1998,12,16,1998.4,1998.2,2,1
1,1,1,1,1,1,1,1,1,0,0,569,1998-12-16,1998,12,16,1998.4,1998.2,2,1
2,2,1,1,2,2,2,2,2,0,0,570,1998-12-16,1998,12,16,1998.4,1998.2,2,0
3,3,1,1,1,1,1,1,1,0,0,571,1998-12-16,1998,12,16,1998.4,1998.2,2,0
1,1,1,1,1,1,1,1,1,0,0,572,1998-12-16,1998,12,16,1998.4,1998.2,2,1
1,1,3,2,1,1,1,1,1,0,0,573,1998-12-16,1998,12,16,1998.4,1998.2,2,0
1,1,1,1,1,1,1,1,1,0,0,574,1998-12-16,1998,12,16,1998.4,1998.2,2,1
1,2,2,1,1,2,2,2,2,0,0,575,1998-12-16,1998,12,16,1998.4,1998.2,2,0
1,1,2,2,2,1,1,1,1,0,0,576,1998-12-16,1998,12,16,1998.4,1998.2,2,0
1,1,2,2,1,1,1,1,1,0,0,577,1998-12-16,1998,12,16,1998.4,1998.2,2,0
1,1,2,2,1,1,1,1,1,0,0,578,1999-01-27,1999,1,27,1999.1,1999.1,2,0
1,1,1,1,1,1,1,1,1,0,0,579,1999-01-27,1999,1,27,1999.1,1999.1,2,1
1,1,1,1,1,1,1,1,1,0,0,580,1999-01-27,1999,1,27,1999.1,1999.1,2,1
1,1,1,1,1,1,1,1,1,0,0,581,1999-01-27,1999,1,27,1999.1,1999.1,2,1
1,1,1,1,1,1,1,1,1,0,0,582,1999-01-27,1999,1,27,1999.1,1999.1,2,1
1,1,1,1,1,1,1,1,1,0,0,583,1999-01-27,1999,1,27,1999.1,1999.1,2,1
1,1,1,1,1,1,1,1,1,0,0,584,1999-03-16,1999,3,16,1999.1,1999.1,2,1
1,2,1,1,1,1,1,1,1,0,0,585,1999-03-16,1999,3,16,1999.1,1999.1,2,0
1,3,1,1,2,2,2,2,2,0,0,586,1999-03-16,1999,3,16,1999.1,1999.1,2,0
1,3,2,2,1,2,2,2,2,0,0,587,1999-03-16,1999,3,16,1999.1,1999.1,2,0
1,3,2,2,2,2,2,2,2,0,0,588,1999-03-16,1999,3,16,1999.1,1999.1,2,0
1,3,1,1,1,1,1,1,1,0,0,589,1999-03-16,1999,3,16,1999.1,1999.1,2,0
1,3,1,2,1,1,1,1,1,0,0,590,1999-03-16,1999,3,16,1999.1,1999.1,2,0
1,3,1,2,1,1,1,1,1,0,0,591,1999-03-16,1999,3,16,1999.1,1999.1,2,0
1,1,2,2,1,1,1,1,1,0,0,592,1999-03-16,1999,3,16,1999.1,1999.1,2,0
1,2,1,1,1,1,1,1,1,0,0,593,1999-03-16,1999,3,16,1999.1,1999.1,2,0
1,1,1,1,1,1,1,1,1,0,0,594,1999-03-16,1999,3,16,1999.1,1999.1,2,1
1,1,1,1,1,1,1,1,1,0,0,595,1999-04-09,1999,4,9,1999.2,1999.1,2,1
1,1,1,1,1,1,1,1,1,0,0,642,1999-05-25,1999,5,25,1999.2,1999.1,2,1
1,1,1,1,1,1,1,1,1,0,0,643,1999-05-25,1999,5,25,1999.2,1999.1,2,1
2,2,2,2,2,2,2,2,2,0,0,644,1999-05-25,1999,5,25,1999.2,1999.1,2,1
1,1,1,1,1,1,1,1,1,0,0,645,1999-05-25,1999,5,25,1999.2,1999.1,2,1
1,1,1,1,1,1,1,1,1,0,0,646,1999-05-25,1999,5,25,1999.2,1999.1,2,1
1,1,1,1,1,1,1,1,1,0,0,647,1999-05-25,1999,5,25,1999.2,1999.1,2,1
1,3,1,1,1,1,1,1,1,0,0,648,1999-05-25,1999,5,25,1999.2,1999.1,2,0
1,2,1,1,1,1,1,1,1,0,0,649,1999-05-25,1999,5,25,1999.2,1999.1,2,0
1,1,1,1,1,1,1,1,1,0,0,650,1999-05-25,1999,5,25,1999.2,1999.1,2,1
1,1,1,1,1,1,1,1,1,0,0,651,1999-05-25,1999,5,25,1999.2,1999.1,2,1
1,2,2,2,1,1,1,1,2,0,0,652,1999-05-25,1999,5,25,1999.2,1999.1,2,0
1,1,2,2,1,1,1,1,1,0,0,653,1999-05-25,1999,5,25,1999.2,1999.1,2,0
1,1,3,2,1,1,1,1,2,0,0,654,1999-05-25,1999,5,25,1999.2,1999.1,2,0
1,1,3,2,1,1,1,1,2,0,0,655,1999-05-25,1999,5,25,1999.2,1999.1,2,0
1,1,1,1,1,1,1,1,1,0,0,656,1999-06-22,1999,6,22,1999.2,1999.1,2,1
1,1,1,1,1,1,1,1,1,0,0,657,1999-06-22,1999,6,22,1999.2,1999.1,2,1
1,2,1,1,1,1,1,1,1,0,0,664,1999-06-30,1999,6,30,1999.2,1999.1,2,0
1,1,2,3,1,1,1,1,1,0,0,665,1999-06-30,1999,6,30,1999.2,1999.1,2,0
1,1,1,1,1,1,1,1,1,0,0,666,1999-06-30,1999,6,30,1999.2,1999.1,2,1
1,1,1,1,1,1,1,1,1,0,0,667,1999-06-30,1999,6,30,1999.2,1999.1,2,1
1,1,1,1,1,1,1,1,1,0,0,671,1999-06-30,1999,6,30,1999.2,1999.1,2,1
1,1,1,1,1,1,1,1,1,0,0,674,1999-06-30,1999,6,30,1999.2,1999.1,2,1
1,3,1,1,1,1,1,1,1,0,0,675,1999-06-30,1999,6,30,1999.2,1999.1,2,0
1,1,1,1,1,1,1,1,1,0,0,676,1999-06-30,1999,6,30,1999.2,1999.1,2,1
1,1,1,1,1,1,1,1,1,0,0,677,1999-06-30,1999,6,30,1999.2,1999.1,2,1
1,1,1,1,1,1,1,1,1,0,0,678,1999-06-30,1999,6,30,1999.2,1999.1,2,1
1,1,1,1,1,1,1,1,1,0,0,679,1999-06-30,1999,6,30,1999.2,1999.1,2,1
1,1,1,1,1,1,1,1,1,0,0,680,1999-06-30,1999,6,30,1999.2,1999.1,2,1
1,1,1,1,1,1,1,1,1,0,0,681,1999-06-30,1999,6,30,1999.2,1999.1,2,1
1,1,1,1,1,1,1,1,1,0,0,682,1999-08-09,1999,8,9,1999.3,1999.2,2,1
2,2,2,1,2,2,2,2,2,0,0,683,1999-08-09,1999,8,9,1999.3,1999.2,2,0
2,1,1,1,2,1,2,2,2,0,0,684,1999-08-09,1999,8,9,1999.3,1999.2,2,0
1,1,1,3,1,1,1,1,1,0,0,685,1999-08-09,1999,8,9,1999.3,1999.2,2,0
1,1,1,1,1,1,1,1,1,0,0,686,1999-08-09,1999,8,9,1999.3,1999.2,2,1
1,1,1,1,1,1,1,1,1,0,0,687,1999-08-09,1999,8,9,1999.3,1999.2,2,1
1,1,1,1,1,1,1,1,1,0,0,688,1999-08-09,1999,8,9,1999.3,1999.2,2,1
1,1,1,1,1,1,1,1,1,0,0,689,1999-08-09,1999,8,9,1999.3,1999.2,2,1
1,1,1,1,1,1,1,1,1,0,0,690,1999-08-09,1999,8,9,1999.3,1999.2,2,1
1,1,1,1,1,1,1,1,1,0,0,691,1999-08-09,1999,8,9,1999.3,1999.2,2,1
1,1,4,3,1,1,1,1,3,0,0,698,1999-08-16,1999,8,16,1999.3,1999.2,2,0
1,1,1,1,1,1,1,1,1,0,0,699,1999-09-08,1999,9,8,1999.3,1999.2,2,1
1,2,1,1,1,1,1,1,1,0,0,700,1999-09-08,1999,9,8,1999.3,1999.2,2,0
2,1,2,2,2,2,2,2,2,0,0,701,1999-09-08,1999,9,8,1999.3,1999.2,2,0
1,1,1,1,1,1,1,1,1,0,0,702,1999-09-08,1999,9,8,1999.3,1999.2,2,1
1,1,1,2,1,1,1,1,1,0,0,703,1999-09-08,1999,9,8,1999.3,1999.2,2,0
1,1,1,1,1,1,1,1,1,0,0,704,1999-09-08,1999,9,8,1999.3,1999.2,2,1
1,1,1,1,1,1,1,1,1,0,0,705,1999-09-08,1999,9,8,1999.3,1999.2,2,1
1,1,1,1,2,1,1,1,1,0,0,706,1999-09-08,1999,9,8,1999.3,1999.2,2,0
1,1,1,2,1,1,1,1,1,0,0,707,1999-09-08,1999,9,8,1999.3,1999.2,2,0
2,2,2,1,2,2,1,2,1,0,0,708,1999-09-08,1999,9,8,1999.3,1999.2,2,0
2,1,2,2,2,2,2,2,2,0,0,709,1999-09-08,1999,9,8,1999.3,1999.2,2,0
2,1,2,2,2,1,2,1,1,0,0,710,1999-09-08,1999,9,8,1999.3,1999.2,2,0
2,2,2,1,2,2,2,2,2,0,0,711,1999-09-08,1999,9,8,1999.3,1999.2,2,0
2,1,2,1,2,2,2,2,2,0,0,712,1999-09-08,1999,9,8,1999.3,1999.2,2,0
2,2,2,1,2,2,2,2,2,0,0,713,1999-09-08,1999,9,8,1999.3,1999.2,2,0
2,2,2,1,2,2,2,2,2,0,0,714,1999-09-08,1999,9,8,1999.3,1999.2,2,0
2,1,2,1,2,2,2,2,2,0,0,715,1999-09-08,1999,9,8,1999.3,1999.2,2,0
2,2,2,1,2,2,2,2,2,0,0,716,1999-09-08,1999,9,8,1999.3,1999.2,2,0
1,1,1,1,1,1,1,1,1,0,0,717,1999-09-08,1999,9,8,1999.3,1999.2,2,1
1,3,3,5,1,1,1,1,3,0,0,718,1999-09-08,1999,9,8,1999.3,1999.2,2,0
1,1,1,1,1,1,1,1,1,0,0,719,1999-09-08,1999,9,8,1999.3,1999.2,2,1
1,1,1,1,1,1,1,1,1,0,0,720,1999-09-08,1999,9,8,1999.3,1999.2,2,1
1,1,1,1,1,1,1,1,1,0,0,721,1999-09-08,1999,9,8,1999.3,1999.2,2,1
1,1,1,1,1,1,1,1,1,0,0,724,1999-09-08,1999,9,8,1999.3,1999.2,2,1
1,1,1,1,1,1,1,1,1,0,0,725,1999-09-08,1999,9,8,1999.3,1999.2,2,1
1,3,1,1,1,1,1,1,1,0,0,728,1999-09-08,1999,9,8,1999.3,1999.2,2,0
1,1,1,1,1,1,1,1,1,0,0,733,1999-09-22,1999,9,22,1999.3,1999.2,2,1
1,1,1,1,1,1,1,1,1,0,0,734,1999-09-22,1999,9,22,1999.3,1999.2,2,1
1,1,1,1,1,1,1,1,1,0,0,735,1999-09-22,1999,9,22,1999.3,1999.2,2,1
1,1,1,1,1,1,1,1,1,0,0,736,1999-09-22,1999,9,22,1999.3,1999.2,2,1
1,1,1,1,1,1,1,1,1,0,0,737,1999-09-22,1999,9,22,1999.3,1999.2,2,1
1,1,1,1,1,1,1,1,1,0,0,738,1999-09-22,1999,9,22,1999.3,1999.2,2,1
1,1,1,1,1,1,1,1,1,0,0,739,1999-10-07,1999,10,7,1999.4,1999.2,2,1
1,2,1,1,1,1,1,1,1,0,0,740,1999-10-07,1999,10,7,1999.4,1999.2,2,0
1,1,1,1,1,1,1,1,1,0,0,741,1999-10-07,1999,10,7,1999.4,1999.2,2,1
1,1,1,1,1,1,1,1,1,0,0,742,1999-10-07,1999,10,7,1999.4,1999.2,2,1
1,1,1,1,1,1,1,1,1,0,0,743,1999-10-07,1999,10,7,1999.4,1999.2,2,1
1,1,1,1,1,1,1,1,1,0,0,744,1999-10-07,1999,10,7,1999.4,1999.2,2,1
1,1,1,1,1,1,1,1,1,0,0,745,1999-10-14,1999,10,14,1999.4,1999.2,2,1
1,1,1,3,1,1,1,1,1,0,0,746,1999-10-14,1999,10,14,1999.4,1999.2,2,0
1,1,1,1,1,1,1,1,1,0,0,747,1999-10-14,1999,10,14,1999.4,1999.2,2,1
1,1,1,1,1,1,1,1,1,0,0,748,1999-10-14,1999,10,14,1999.4,1999.2,2,1
1,1,1,2,1,1,1,1,1,0,0,749,1999-10-14,1999,10,14,1999.4,1999.2,2,0
1,1,1,1,1,1,1,1,1,0,0,750,1999-10-14,1999,10,14,1999.4,1999.2,2,1
1,2,1,1,1,1,1,1,1,0,0,751,1999-10-14,1999,10,14,1999.4,1999.2,2,0
1,3,1,1,1,1,1,1,1,0,0,752,1999-10-14,1999,10,14,1999.4,1999.2,2,0
1,3,2,2,2,1,2,1,2,0,0,753,1999-10-14,1999,10,14,1999.4,1999.2,2,0
1,1,1,1,1,1,1,1,1,0,0,754,1999-10-14,1999,10,14,1999.4,1999.2,2,1
1,1,1,1,1,1,1,1,1,0,0,755,1999-10-14,1999,10,14,1999.4,1999.2,2,1
1,1,1,1,1,1,1,1,1,0,0,756,1999-10-14,1999,10,14,1999.4,1999.2,2,1
1,1,1,1,1,1,1,1,1,0,0,757,1999-11-04,1999,11,4,1999.4,1999.2,2,1
1,1,1,1,1,1,1,1,1,0,0,758,1999-11-04,1999,11,4,1999.4,1999.2,2,1
1,2,1,1,1,1,1,1,1,0,0,759,1999-11-30,1999,11,30,1999.4,1999.2,2,0
1,1,1,1,1,1,1,1,1,0,0,760,1999-11-30,1999,11,30,1999.4,1999.2,2,1
1,1,1,1,1,1,1,1,1,0,0,761,1999-11-30,1999,11,30,1999.4,1999.2,2,1
1,1,1,1,1,1,1,1,1,0,0,762,1999-11-30,1999,11,30,1999.4,1999.2,2,1
1,1,1,1,1,1,1,1,1,0,0,763,1999-11-30,1999,11,30,1999.4,1999.2,2,1
1,1,1,1,1,1,1,1,1,0,0,764,1999-11-30,1999,11,30,1999.4,1999.2,2,1
1,1,1,1,1,1,1,1,1,0,0,765,1999-11-30,1999,11,30,1999.4,1999.2,2,1
1,1,1,1,1,1,1,1,1,0,0,766,1999-11-30,1999,11,30,1999.4,1999.2,2,1
1,1,1,1,1,1,1,1,1,0,0,767,1999-11-30,1999,11,30,1999.4,1999.2,2,1
1,1,1,1,1,1,1,1,1,0,0,768,1999-11-30,1999,11,30,1999.4,1999.2,2,1
1,1,1,1,1,1,1,1,1,0,0,769,1999-11-30,1999,11,30,1999.4,1999.2,2,1
1,1,1,1,1,1,1,1,1,0,0,770,1999-11-30,1999,11,30,1999.4,1999.2,2,1
1,1,1,1,1,1,1,1,1,0,0,771,1999-11-30,1999,11,30,1999.4,1999.2,2,1
1,1,1,1,1,1,1,1,1,0,0,772,1999-11-30,1999,11,30,1999.4,1999.2,2,1
1,2,2,1,1,1,1,1,1,0,0,773,1999-11-30,1999,11,30,1999.4,1999.2,2,0
1,1,1,2,1,1,2,1,1,0,0,774,1999-11-30,1999,11,30,1999.4,1999.2,2,0
1,1,1,2,1,1,2,1,1,0,0,775,1999-11-30,1999,11,30,1999.4,1999.2,2,0
1,3,1,1,1,1,1,1,1,0,0,776,1999-11-30,1999,11,30,1999.4,1999.2,2,0
1,1,1,1,1,1,1,1,1,0,0,777,1999-12-17,1999,12,17,1999.4,1999.2,2,1
1,1,1,1,1,3,1,1,1,0,0,778,1999-12-17,1999,12,17,1999.4,1999.2,2,0
1,1,1,1,1,1,1,1,1,0,0,779,1999-12-17,1999,12,17,1999.4,1999.2,2,1
1,1,2,2,1,1,1,1,1,0,0,780,1999-12-17,1999,12,17,1999.4,1999.2,2,0
2,2,2,1,2,2,2,2,2,0,0,781,1999-12-17,1999,12,17,1999.4,1999.2,2,0
1,1,1,1,1,1,1,1,1,0,0,782,1999-12-17,1999,12,17,1999.4,1999.2,2,1
1,1,1,1,1,1,1,1,1,0,0,783,1999-12-17,1999,12,17,1999.4,1999.2,2,1
1,3,1,1,1,1,1,1,1,0,0,784,1999-12-17,1999,12,17,1999.4,1999.2,2,0
1,2,1,1,1,1,1,1,1,0,0,785,1999-12-17,1999,12,17,1999.4,1999.2,2,0
1,2,1,1,1,1,1,1,1,0,0,786,1999-12-17,1999,12,17,1999.4,1999.2,2,0
1,1,1,1,1,5,1,1,1,0,0,787,1999-12-17,1999,12,17,1999.4,1999.2,2,1
1,1,1,1,1,1,1,1,1,0,0,788,1999-12-17,1999,12,17,1999.4,1999.2,2,1
1,1,1,1,1,1,1,1,1,0,0,789,1999-12-17,1999,12,17,1999.4,1999.2,2,1
1,1,1,1,1,1,1,1,1,0,0,790,1999-12-17,1999,12,17,1999.4,1999.2,2,1
1,1,1,1,1,1,1,1,1,0,0,791,1999-12-17,1999,12,17,1999.4,1999.2,2,1
1,1,1,1,1,1,1,1,1,0,0,792,1999-12-17,1999,12,17,1999.4,1999.2,2,1
2,2,2,1,2,2,2,2,2,0,0,793,1999-12-17,1999,12,17,1999.4,1999.2,2,0
2,2,2,1,5,2,2,2,2,0,0,794,1999-12-17,1999,12,17,1999.4,1999.2,2,0
1,1,1,1,1,1,1,1,1,0,0,795,1999-12-17,1999,12,17,1999.4,1999.2,2,1
2,2,2,2,2,2,2,2,2,0,0,796,1999-12-17,1999,12,17,1999.4,1999.2,2,1
2,1,2,2,2,2,2,2,1,0,0,797,1999-12-17,1999,12,17,1999.4,1999.2,2,0
1,1,1,1,1,1,1,1,1,0,0,798,1999-12-17,1999,12,17,1999.4,1999.2,2,1
1,1,1,1,1,1,3,1,1,0,0,799,1999-12-17,1999,12,17,1999.4,1999.2,2,0
1,1,1,1,1,1,1,1,1,0,0,810,1999-12-17,1999,12,17,1999.4,1999.2,2,1
1,2,1,1,1,3,1,1,1,0,0,811,1999-12-17,1999,12,17,1999.4,1999.2,2,0
1,1,1,1,1,1,1,1,1,0,0,812,2000-01-18,2000,1,18,2000.1,2000.1,2,1
1,1,1,1,1,1,1,1,1,0,0,813,2000-01-18,2000,1,18,2000.1,2000.1,2,1
1,1,1,1,1,1,1,1,1,0,0,814,2000-01-27,2000,1,27,2000.1,2000.1,2,1
1,3,1,1,1,1,1,1,1,0,0,815,2000-01-27,2000,1,27,2000.1,2000.1,2,0
1,1,1,1,1,1,1,1,1,0,0,816,2000-01-27,2000,1,27,2000.1,2000.1,2,1
1,1,1,1,1,1,1,1,1,0,0,817,2000-01-27,2000,1,27,2000.1,2000.1,2,1
1,1,1,1,1,1,1,1,1,0,0,818,2000-01-27,2000,1,27,2000.1,2000.1,2,1
1,1,1,1,1,1,1,1,1,0,0,819,2000-01-27,2000,1,27,2000.1,2000.1,2,1
1,3,1,1,1,1,1,1,1,0,0,820,2000-01-27,2000,1,27,2000.1,2000.1,2,0
1,1,1,1,1,1,1,1,1,0,0,821,2000-01-27,2000,1,27,2000.1,2000.1,2,1
1,1,1,1,1,1,1,5,1,0,0,822,2000-01-27,2000,1,27,2000.1,2000.1,2,1
1,1,1,1,1,1,1,1,1,0,0,823,2000-01-27,2000,1,27,2000.1,2000.1,2,1
1,1,1,1,1,1,1,1,1,0,0,824,2000-01-27,2000,1,27,2000.1,2000.1,2,1
1,1,1,1,1,1,1,1,1,0,0,825,2000-01-27,2000,1,27,2000.1,2000.1,2,1
1,1,1,1,1,1,1,1,1,0,0,826,2000-01-27,2000,1,27,2000.1,2000.1,2,1
1,1,1,1,1,1,1,1,1,0,0,827,2000-01-27,2000,1,27,2000.1,2000.1,2,1
1,1,1,1,1,1,1,1,1,0,0,828,2000-01-27,2000,1,27,2000.1,2000.1,2,1
1,1,1,1,1,1,1,1,1,0,0,829,2000-01-27,2000,1,27,2000.1,2000.1,2,1
1,1,1,1,1,1,1,1,1,0,0,830,2000-01-27,2000,1,27,2000.1,2000.1,2,1
1,1,1,1,1,1,1,1,1,0,0,831,2000-01-27,2000,1,27,2000.1,2000.1,2,1
1,1,2,2,1,1,1,1,2,0,0,832,2000-01-27,2000,1,27,2000.1,2000.1,2,0
1,1,1,1,1,1,1,1,1,0,0,833,2000-01-27,2000,1,27,2000.1,2000.1,2,1
1,1,1,1,1,1,1,1,1,0,0,834,2000-01-27,2000,1,27,2000.1,2000.1,2,1
1,1,3,3,1,1,1,1,2,0,0,835,2000-01-27,2000,1,27,2000.1,2000.1,2,0
1,3,1,1,1,1,1,1,1,0,0,836,2000-02-29,2000,2,29,2000.1,2000.1,2,0
1,1,1,1,1,1,1,1,1,0,0,837,2000-02-29,2000,2,29,2000.1,2000.1,2,1
2,2,2,1,2,2,2,2,2,0,0,838,2000-02-29,2000,2,29,2000.1,2000.1,2,0
2,2,2,1,2,2,2,2,2,0,0,839,2000-02-29,2000,2,29,2000.1,2000.1,2,0
1,1,1,1,1,1,1,1,1,0,0,840,2000-02-29,2000,2,29,2000.1,2000.1,2,1
1,1,1,1,1,1,1,1,1,0,0,841,2000-02-29,2000,2,29,2000.1,2000.1,2,1
1,1,1,1,1,1,1,1,1,0,0,842,2000-02-29,2000,2,29,2000.1,2000.1,2,1
1,3,1,1,1,1,1,1,1,0,0,843,2000-02-29,2000,2,29,2000.1,2000.1,2,0
1,2,1,1,1,1,1,1,1,0,0,844,2000-02-29,2000,2,29,2000.1,2000.1,2,0
1,1,1,1,1,1,1,1,1,0,0,845,2000-02-29,2000,2,29,2000.1,2000.1,2,1
1,1,1,1,1,1,1,1,1,0,0,846,2000-02-29,2000,2,29,2000.1,2000.1,2,1
1,1,1,1,1,1,1,1,1,0,0,847,2000-02-29,2000,2,29,2000.1,2000.1,2,1
1,1,1,1,1,1,1,1,1,0,0,848,2000-02-29,2000,2,29,2000.1,2000.1,2,1
1,1,1,1,1,1,1,1,1,0,0,849,2000-02-29,2000,2,29,2000.1,2000.1,2,1
1,1,1,1,1,1,1,1,5,0,0,850,2000-02-29,2000,2,29,2000.1,2000.1,2,1
1,2,1,2,1,1,2,1,1,0,0,851,2000-02-29,2000,2,29,2000.1,2000.1,2,0
1,3,1,1,1,1,1,1,5,0,0,852,2000-02-29,2000,2,29,2000.1,2000.1,2,0
1,1,1,1,1,1,1,1,1,0,0,853,2000-03-02,2000,3,2,2000.1,2000.1,2,1
1,1,1,1,4,1,1,1,1,0,0,854,2000-03-30,2000,3,30,2000.1,2000.1,2,1
1,1,1,1,4,1,1,1,1,0,0,855,2000-03-30,2000,3,30,2000.1,2000.1,2,1
1,1,1,1,4,1,1,1,1,0,0,856,2000-03-30,2000,3,30,2000.1,2000.1,2,1
1,1,1,1,4,1,1,5,1,0,0,857,2000-03-30,2000,3,30,2000.1,2000.1,2,1
1,1,1,1,4,1,1,1,1,0,0,858,2000-03-30,2000,3,30,2000.1,2000.1,2,1
1,1,1,1,4,1,1,1,1,0,0,859,2000-03-30,2000,3,30,2000.1,2000.1,2,1
1,1,1,1,4,1,1,1,1,0,0,860,2000-03-30,2000,3,30,2000.1,2000.1,2,1
1,1,1,1,4,1,1,1,1,0,0,861,2000-03-30,2000,3,30,2000.1,2000.1,2,1
1,1,1,1,4,1,1,1,1,0,0,862,2000-03-30,2000,3,30,2000.1,2000.1,2,1
1,1,1,1,4,1,1,1,1,0,0,863,2000-03-30,2000,3,30,2000.1,2000.1,2,1
1,1,1,1,4,1,1,1,1,0,0,864,2000-03-30,2000,3,30,2000.1,2000.1,2,1
1,2,1,1,4,1,1,1,1,0,0,865,2000-03-30,2000,3,30,2000.1,2000.1,2,0
1,1,1,1,4,1,1,5,1,0,0,866,2000-03-30,2000,3,30,2000.1,2000.1,2,1
1,1,1,1,4,1,1,1,1,0,0,867,2000-03-30,2000,3,30,2000.1,2000.1,2,1
1,1,1,2,4,1,1,1,2,0,0,868,2000-03-30,2000,3,30,2000.1,2000.1,2,0
1,1,1,1,4,1,1,1,1,0,0,869,2000-03-30,2000,3,30,2000.1,2000.1,2,1
1,1,1,1,4,1,1,1,1,0,0,870,2000-03-30,2000,3,30,2000.1,2000.1,2,1
1,1,3,2,4,1,3,1,3,0,0,871,2000-03-30,2000,3,30,2000.1,2000.1,2,0
2,2,1,1,4,2,3,2,5,0,0,872,2000-03-30,2000,3,30,2000.1,2000.1,2,0
1,1,1,1,4,1,3,1,3,0,0,873,2000-03-30,2000,3,30,2000.1,2000.1,2,0
1,1,3,1,4,1,3,1,3,0,0,874,2000-03-30,2000,3,30,2000.1,2000.1,2,0
1,1,1,1,4,1,1,1,1,0,0,875,2000-03-30,2000,3,30,2000.1,2000.1,2,1
1,1,1,1,4,1,1,1,1,0,0,876,2000-03-30,2000,3,30,2000.1,2000.1,2,1
1,2,1,2,4,1,2,1,2,0,0,877,2000-03-30,2000,3,30,2000.1,2000.1,2,0
1,2,2,2,4,1,2,1,2,0,0,878,2000-03-30,2000,3,30,2000.1,2000.1,2,0
1,1,1,1,4,1,1,1,5,0,0,879,2000-03-30,2000,3,30,2000.1,2000.1,2,1
1,1,1,2,4,1,1,1,1,0,0,880,2000-03-30,2000,3,30,2000.1,2000.1,2,0
1,1,1,1,4,1,1,1,1,0,0,881,2000-03-30,2000,3,30,2000.1,2000.1,2,1
1,1,1,1,4,1,1,1,1,0,0,882,2000-03-30,2000,3,30,2000.1,2000.1,2,1
1,3,1,2,4,1,1,1,1,0,0,883,2000-03-30,2000,3,30,2000.1,2000.1,2,0
1,1,1,3,4,1,1,1,1,0,0,884,2000-03-30,2000,3,30,2000.1,2000.1,2,0
1,1,1,1,4,1,1,1,1,0,0,885,2000-03-30,2000,3,30,2000.1,2000.1,2,1
1,1,1,1,4,1,1,1,1,0,0,886,2000-04-02,2000,4,2,2000.2,2000.1,2,1
1,1,1,1,1,1,1,1,1,0,0,887,2000-04-18,2000,4,18,2000.2,2000.1,2,1
1,1,1,1,1,1,1,1,1,0,0,888,2000-04-18,2000,4,18,2000.2,2000.1,2,1
1,1,1,1,1,1,1,1,1,0,0,889,2000-04-18,2000,4,18,2000.2,2000.1,2,1
1,1,1,1,1,1,5,1,1,0,0,890,2000-04-27,2000,4,27,2000.2,2000.1,2,1
1,1,1,1,1,1,5,1,1,0,0,891,2000-04-27,2000,4,27,2000.2,2000.1,2,1
1,1,1,1,1,1,1,1,1,0,0,892,2000-04-27,2000,4,27,2000.2,2000.1,2,1
1,1,1,1,1,1,1,1,1,0,0,893,2000-04-27,2000,4,27,2000.2,2000.1,2,1
1,1,1,1,1,1,1,1,1,0,0,894,2000-04-27,2000,4,27,2000.2,2000.1,2,1
1,3,1,1,1,1,1,1,1,0,0,895,2000-04-27,2000,4,27,2000.2,2000.1,2,0
1,1,1,1,1,1,1,5,1,0,0,896,2000-04-27,2000,4,27,2000.2,2000.1,2,1
1,1,1,1,1,1,1,1,1,0,0,897,2000-04-27,2000,4,27,2000.2,2000.1,2,1
1,3,1,1,1,1,1,1,1,0,0,898,2000-04-27,2000,4,27,2000.2,2000.1,2,0
1,1,1,1,1,1,1,1,1,0,0,899,2000-04-27,2000,4,27,2000.2,2000.1,2,1
1,1,2,1,1,1,1,1,5,0,0,900,2000-04-27,2000,4,27,2000.2,2000.1,2,0
1,1,1,1,1,1,1,1,1,0,0,901,2000-04-27,2000,4,27,2000.2,2000.1,2,1
1,3,1,3,1,1,1,1,3,0,0,902,2000-04-27,2000,4,27,2000.2,2000.1,2,0
1,3,1,3,1,1,1,2,3,0,0,903,2000-04-27,2000,4,27,2000.2,2000.1,2,0
1,1,1,3,1,1,1,1,1,0,0,904,2000-04-27,2000,4,27,2000.2,2000.1,2,0
1,1,2,2,2,1,1,1,1,0,0,905,2000-04-27,2000,4,27,2000.2,2000.1,2,0
1,1,1,2,1,1,1,1,1,0,0,906,2000-04-27,2000,4,27,2000.2,2000.1,2,0
1,1,1,1,1,1,1,1,1,0,0,907,2000-04-27,2000,4,27,2000.2,2000.1,2,1
1,1,1,1,1,1,1,1,1,0,0,908,2000-04-27,2000,4,27,2000.2,2000.1,2,1
1,1,1,1,1,1,1,1,1,0,0,909,2000-05-03,2000,5,3,2000.2,2000.1,2,1
1,1,1,1,1,1,1,1,1,0,0,910,2000-05-31,2000,5,31,2000.2,2000.1,2,1
1,1,1,1,1,1,1,1,1,0,0,911,2000-05-31,2000,5,31,2000.2,2000.1,2,1
1,1,1,1,1,1,1,1,1,0,0,912,2000-05-31,2000,5,31,2000.2,2000.1,2,1
1,1,1,1,1,1,1,1,1,0,0,913,2000-05-31,2000,5,31,2000.2,2000.1,2,1
1,1,1,1,1,1,1,1,1,0,0,914,2000-05-31,2000,5,31,2000.2,2000.1,2,1
1,1,1,1,1,1,1,1,1,0,0,915,2000-05-31,2000,5,31,2000.2,2000.1,2,1
1,1,1,1,1,1,1,1,1,0,0,916,2000-05-31,2000,5,31,2000.2,2000.1,2,1
1,1,1,1,1,1,1,1,1,0,0,917,2000-05-31,2000,5,31,2000.2,2000.1,2,1
1,1,1,1,1,1,1,1,1,0,0,918,2000-05-31,2000,5,31,2000.2,2000.1,2,1
1,1,1,1,1,1,1,1,1,0,0,919,2000-05-31,2000,5,31,2000.2,2000.1,2,1
1,1,1,1,1,1,1,1,1,0,0,920,2000-05-31,2000,5,31,2000.2,2000.1,2,1
1,1,1,1,1,1,1,1,1,0,0,921,2000-05-31,2000,5,31,2000.2,2000.1,2,1
1,1,1,1,1,1,1,1,1,0,0,922,2000-05-31,2000,5,31,2000.2,2000.1,2,1
1,1,1,1,1,1,1,1,1,0,0,923,2000-05-31,2000,5,31,2000.2,2000.1,2,1
1,1,1,1,1,1,1,1,1,0,0,924,2000-05-31,2000,5,31,2000.2,2000.1,2,1
1,3,1,1,1,1,1,1,1,0,0,925,2000-05-31,2000,5,31,2000.2,2000.1,2,0
2,2,2,1,2,2,2,2,5,0,0,926,2000-05-31,2000,5,31,2000.2,2000.1,2,0
1,1,1,1,1,1,1,1,1,0,0,927,2000-05-31,2000,5,31,2000.2,2000.1,2,1
1,1,1,1,1,5,1,1,1,0,0,928,2000-05-31,2000,5,31,2000.2,2000.1,2,1
1,1,1,2,1,1,1,1,1,0,0,929,2000-05-31,2000,5,31,2000.2,2000.1,2,0
1,1,1,1,1,1,1,1,1,0,0,930,2000-05-31,2000,5,31,2000.2,2000.1,2,1
1,1,1,2,1,1,1,1,1,0,0,931,2000-05-31,2000,5,31,2000.2,2000.1,2,0
1,1,1,1,1,1,1,1,1,0,0,932,2000-05-31,2000,5,31,2000.2,2000.1,2,1
1,1,1,1,1,1,1,1,1,0,0,933,2000-05-31,2000,5,31,2000.2,2000.1,2,1
1,1,1,1,1,1,1,1,1,0,0,934,2000-05-31,2000,5,31,2000.2,2000.1,2,1
1,1,1,2,1,1,1,1,1,0,0,935,2000-05-31,2000,5,31,2000.2,2000.1,2,0
1,1,1,1,1,1,1,1,1,0,0,936,2000-05-31,2000,5,31,2000.2,2000.1,2,1
1,1,1,2,1,1,1,1,1,0,0,937,2000-05-31,2000,5,31,2000.2,2000.1,2,0
1,1,1,2,1,1,1,1,1,0,0,938,2000-05-31,2000,5,31,2000.2,2000.1,2,0
1,1,1,2,1,1,1,1,1,0,0,939,2000-05-31,2000,5,31,2000.2,2000.1,2,0
1,1,1,1,1,1,1,1,1,0,0,940,2000-05-31,2000,5,31,2000.2,2000.1,2,1
1,1,2,2,2,1,1,1,2,0,0,941,2000-05-31,2000,5,31,2000.2,2000.1,2,0
1,1,1,2,1,1,1,1,1,0,0,942,2000-05-31,2000,5,31,2000.2,2000.1,2,0
1,1,2,2,2,1,1,1,2,0,0,943,2000-05-31,2000,5,31,2000.2,2000.1,2,0
1,1,1,1,1,1,1,1,1,0,0,944,2000-06-06,2000,6,6,2000.2,2000.1,2,1
2,2,2,1,2,2,2,2,2,0,0,945,2000-06-06,2000,6,6,2000.2,2000.1,2,0
1,1,1,1,1,1,1,1,1,0,0,946,2000-06-06,2000,6,6,2000.2,2000.1,2,1
2,2,2,2,2,2,2,2,2,0,0,947,2000-06-06,2000,6,6,2000.2,2000.1,2,1
1,1,1,1,1,1,1,1,1,0,0,948,2000-06-23,2000,6,23,2000.2,2000.1,2,1
1,1,1,1,1,1,1,1,1,0,0,949,2000-06-23,2000,6,23,2000.2,2000.1,2,1
1,1,1,1,1,1,1,1,1,0,0,950,2000-06-23,2000,6,23,2000.2,2000.1,2,1
1,1,1,1,1,1,1,1,1,0,0,951,2000-06-23,2000,6,23,2000.2,2000.1,2,1
1,1,1,1,1,1,1,1,1,0,0,952,2000-06-23,2000,6,23,2000.2,2000.1,2,1
1,3,1,2,1,2,2,1,1,0,0,953,2000-06-23,2000,6,23,2000.2,2000.1,2,0
1,1,1,1,1,1,1,1,1,0,0,954,2000-06-23,2000,6,23,2000.2,2000.1,2,1
1,1,2,2,2,1,2,1,5,0,0,955,2000-06-23,2000,6,23,2000.2,2000.1,2,0
1,1,2,2,2,2,2,1,1,0,0,956,2000-06-23,2000,6,23,2000.2,2000.1,2,0
1,1,2,2,2,1,2,1,2,0,0,957,2000-06-23,2000,6,23,2000.2,2000.1,2,0
1,1,5,1,1,1,1,1,1,0,0,958,2000-06-23,2000,6,23,2000.2,2000.1,2,1
1,1,1,2,1,1,1,1,1,0,0,959,2000-06-23,2000,6,23,2000.2,2000.1,2,0
1,1,1,2,1,1,5,5,1,0,0,960,2000-06-23,2000,6,23,2000.2,2000.1,2,0
1,1,1,1,1,1,1,1,1,0,0,961,2000-06-23,2000,6,23,2000.2,2000.1,2,1
1,1,1,1,1,1,1,1,1,0,0,962,2000-06-23,2000,6,23,2000.2,2000.1,2,1
1,1,1,2,1,1,1,1,1,0,0,963,2000-06-23,2000,6,23,2000.2,2000.1,2,0
1,1,1,2,1,1,1,1,5,0,0,964,2000-06-23,2000,6,23,2000.2,2000.1,2,0
1,1,2,2,1,1,1,1,1,0,0,965,2000-06-23,2000,6,23,2000.2,2000.1,2,0
1,1,1,2,1,2,1,1,1,0,0,966,2000-06-23,2000,6,23,2000.2,2000.1,2,0
1,1,2,2,1,1,1,1,2,0,0,967,2000-06-23,2000,6,23,2000.2,2000.1,2,0
1,1,2,2,2,1,1,1,2,0,0,968,2000-06-23,2000,6,23,2000.2,2000.1,2,0
1,1,1,1,1,1,1,1,1,0,0,969,2000-06-23,2000,6,23,2000.2,2000.1,2,1
1,1,1,2,1,1,1,1,1,0,0,978,2000-06-23,2000,6,23,2000.2,2000.1,2,0
1,1,1,2,1,1,1,1,2,0,0,979,2000-06-23,2000,6,23,2000.2,2000.1,2,0
1,5,1,2,1,1,1,1,1,0,0,980,2000-06-23,2000,6,23,2000.2,2000.1,2,0
1,1,1,1,1,1,1,1,1,0,0,981,2000-07-02,2000,7,2,2000.3,2000.2,2,1
1,1,1,1,1,1,1,1,1,0,0,982,2000-07-02,2000,7,2,2000.3,2000.2,2,1
2,1,1,1,2,1,1,1,1,0,0,983,2000-07-02,2000,7,2,2000.3,2000.2,2,0
1,2,1,1,1,1,1,1,1,0,0,984,2000-07-02,2000,7,2,2000.3,2000.2,2,0
1,1,1,1,1,1,1,1,1,0,0,985,2000-08-23,2000,8,23,2000.3,2000.2,2,1
1,1,1,1,1,1,1,1,1,0,0,986,2000-08-23,2000,8,23,2000.3,2000.2,2,1
1,1,1,1,1,1,1,1,1,0,0,987,2000-08-23,2000,8,23,2000.3,2000.2,2,1
1,1,1,1,1,1,1,1,1,0,0,988,2000-08-23,2000,8,23,2000.3,2000.2,2,1
1,1,1,1,1,1,1,1,1,0,0,989,2000-08-23,2000,8,23,2000.3,2000.2,2,1
1,1,2,2,2,1,2,1,1,0,0,992,2000-08-23,2000,8,23,2000.3,2000.2,2,0
1,1,2,2,1,1,1,5,1,0,0,993,2000-08-23,2000,8,23,2000.3,2000.2,2,0
1,1,1,2,1,1,1,1,1,0,0,994,2000-08-23,2000,8,23,2000.3,2000.2,2,0
1,1,1,1,1,1,1,1,5,0,0,995,2000-08-23,2000,8,23,2000.3,2000.2,2,1
1,1,2,2,2,1,2,1,1,0,0,1004,2000-08-23,2000,8,23,2000.3,2000.2,2,0
1,2,1,1,1,1,1,1,1,0,0,1005,2000-08-23,2000,8,23,2000.3,2000.2,2,0
1,1,1,2,1,1,1,1,1,0,0,1006,2000-08-23,2000,8,23,2000.3,2000.2,2,0
1,2,2,1,1,1,1,1,1,0,0,1007,2000-08-23,2000,8,23,2000.3,2000.2,2,0
1,1,1,2,1,1,1,1,1,0,0,1012,2000-08-23,2000,8,23,2000.3,2000.2,2,0
1,1,3,2,1,1,1,1,1,0,0,1013,2000-08-23,2000,8,23,2000.3,2000.2,2,0
1,1,1,2,1,1,1,1,1,0,0,1014,2000-08-23,2000,8,23,2000.3,2000.2,2,0
1,1,1,2,1,1,1,1,1,0,0,1015,2000-08-23,2000,8,23,2000.3,2000.2,2,0
1,1,3,2,1,1,1,1,1,0,0,1016,2000-08-23,2000,8,23,2000.3,2000.2,2,0
1,1,3,2,1,1,1,1,1,0,0,1017,2000-08-23,2000,8,23,2000.3,2000.2,2,0
1,1,3,2,1,1,1,1,1,0,0,1018,2000-08-23,2000,8,23,2000.3,2000.2,2,0
1,1,3,2,1,1,1,1,1,0,0,1019,2000-08-23,2000,8,23,2000.3,2000.2,2,0
1,1,1,2,1,1,1,1,1,0,0,1020,2000-08-23,2000,8,23,2000.3,2000.2,2,0
1,1,2,2,2,1,1,1,2,0,0,1021,2000-08-23,2000,8,23,2000.3,2000.2,2,0
1,1,1,2,1,1,1,1,1,0,0,1022,2000-08-23,2000,8,23,2000.3,2000.2,2,0
1,1,1,2,1,1,1,1,1,0,0,1023,2000-08-23,2000,8,23,2000.3,2000.2,2,0
1,1,1,2,1,1,1,1,1,0,0,1024,2000-08-23,2000,8,23,2000.3,2000.2,2,0
1,1,1,2,1,1,5,1,1,0,0,1025,2000-08-23,2000,8,23,2000.3,2000.2,2,0
1,1,1,2,1,1,1,1,1,0,0,1026,2000-08-23,2000,8,23,2000.3,2000.2,2,0
1,1,1,2,1,1,1,1,1,0,0,1027,2000-08-23,2000,8,23,2000.3,2000.2,2,0
1,1,1,1,1,1,1,1,1,0,0,1028,2000-11-14,2000,11,14,2000.4,2000.2,2,1
1,3,1,1,1,1,1,1,1,0,0,1029,2000-11-14,2000,11,14,2000.4,2000.2,2,0
1,1,1,3,1,1,1,1,1,0,0,1030,2000-11-14,2000,11,14,2000.4,2000.2,2,0
2,2,2,1,2,2,2,2,2,0,0,1031,2000-11-14,2000,11,14,2000.4,2000.2,2,0
2,2,2,3,2,2,2,2,2,0,0,1032,2000-11-14,2000,11,14,2000.4,2000.2,2,0
1,3,1,1,1,1,1,1,1,0,0,1033,2000-11-14,2000,11,14,2000.4,2000.2,2,0
1,1,1,1,1,1,1,1,1,0,0,1034,2000-11-14,2000,11,14,2000.4,2000.2,2,1
1,1,1,1,1,1,1,1,1,0,0,1035,2000-11-14,2000,11,14,2000.4,2000.2,2,1
1,1,1,1,1,1,1,1,1,0,0,1036,2000-11-14,2000,11,14,2000.4,2000.2,2,1
1,2,1,1,1,1,1,1,1,0,0,1037,2000-11-14,2000,11,14,2000.4,2000.2,2,0
1,2,1,1,1,1,1,1,1,0,0,1038,2000-11-14,2000,11,14,2000.4,2000.2,2,0
1,1,1,1,1,1,1,1,1,0,0,1039,2000-11-14,2000,11,14,2000.4,2000.2,2,1
1,1,1,1,1,1,1,1,1,0,0,1040,2000-11-14,2000,11,14,2000.4,2000.2,2,1
1,1,1,1,1,1,1,1,1,0,0,1041,2000-11-14,2000,11,14,2000.4,2000.2,2,1
2,2,2,1,2,2,2,2,2,0,0,1042,2000-11-14,2000,11,14,2000.4,2000.2,2,0
2,2,2,1,2,2,2,5,2,0,0,1043,2000-11-14,2000,11,14,2000.4,2000.2,2,0
2,2,2,1,2,2,2,2,2,0,0,1044,2000-11-14,2000,11,14,2000.4,2000.2,2,0
1,1,2,2,2,1,2,1,2,0,0,1045,2000-11-14,2000,11,14,2000.4,2000.2,2,0
1,1,2,2,2,1,2,1,2,0,0,1046,2000-11-14,2000,11,14,2000.4,2000.2,2,0
1,1,1,2,1,1,1,1,1,0,0,1047,2000-11-14,2000,11,14,2000.4,2000.2,2,0
1,1,1,1,1,1,1,1,1,0,0,1048,2000-11-14,2000,11,14,2000.4,2000.2,2,1
1,1,1,2,1,1,1,1,1,0,0,1049,2000-11-14,2000,11,14,2000.4,2000.2,2,0
1,1,1,2,1,1,1,1,1,0,0,1050,2000-11-14,2000,11,14,2000.4,2000.2,2,0
1,1,1,1,1,1,1,1,1,0,0,1051,2000-11-14,2000,11,14,2000.4,2000.2,2,1
1,1,2,2,1,1,1,1,2,0,0,1054,2000-11-14,2000,11,14,2000.4,2000.2,2,0
1,1,1,3,1,1,1,1,3,0,0,1213,2000-11-14,2000,11,14,2000.4,2000.2,2,0
1,1,1,1,1,1,1,1,1,0,0,1214,2000-11-14,2000,11,14,2000.4,2000.2,2,1
1,1,1,2,1,1,1,1,1,0,0,1220,2000-11-14,2000,11,14,2000.4,2000.2,2,0
1,1,1,2,1,1,1,1,1,0,0,1221,2000-11-14,2000,11,14,2000.4,2000.2,2,0
1,1,1,2,1,1,1,1,1,0,0,1222,2000-11-14,2000,11,14,2000.4,2000.2,2,0
1,1,1,2,1,1,1,1,1,0,0,1223,2000-11-14,2000,11,14,2000.4,2000.2,2,0
1,1,1,2,1,1,1,1,1,0,0,1224,2000-11-14,2000,11,14,2000.4,2000.2,2,0
1,1,1,2,1,1,1,1,1,0,0,1225,2000-11-14,2000,11,14,2000.4,2000.2,2,0
1,1,2,2,1,1,1,1,2,0,0,1226,2000-11-14,2000,11,14,2000.4,2000.2,2,0
1,1,2,2,1,1,2,1,2,0,0,1227,2000-11-14,2000,11,14,2000.4,2000.2,2,0
1,1,1,1,1,1,1,2,1,0,0,1228,2000-11-14,2000,11,14,2000.4,2000.2,2,0
1,1,1,2,1,1,1,1,1,0,0,1229,2000-11-14,2000,11,14,2000.4,2000.2,2,0
1,1,2,2,1,1,1,1,2,0,0,1230,2000-11-14,2000,11,14,2000.4,2000.2,2,0
1,1,1,2,1,1,1,1,1,0,0,1231,2000-11-14,2000,11,14,2000.4,2000.2,2,0
1,1,1,1,1,1,0,1,0,1,1,1232,2000-12-11,2000,12,11,2000.4,2000.2,3,1
1,1,1,1,1,1,0,1,0,1,1,1233,2001-01-30,2001,1,30,2001.1,2001.1,3,1
1,1,1,1,1,1,0,1,0,1,1,1234,2001-01-30,2001,1,30,2001.1,2001.1,3,1
1,1,1,1,1,1,0,1,0,1,1,1235,2001-01-30,2001,1,30,2001.1,2001.1,3,1
1,1,1,1,1,1,0,1,0,1,1,1236,2001-01-30,2001,1,30,2001.1,2001.1,3,1
1,1,1,1,1,1,0,1,0,1,1,1237,2001-01-30,2001,1,30,2001.1,2001.1,3,1
1,1,1,1,1,1,0,1,0,1,1,1238,2001-01-30,2001,1,30,2001.1,2001.1,3,1
1,1,1,1,1,1,0,1,0,1,1,1239,2001-01-30,2001,1,30,2001.1,2001.1,3,1
1,2,1,2,1,1,0,1,0,1,1,1240,2001-01-30,2001,1,30,2001.1,2001.1,3,0
1,1,1,1,1,1,0,1,0,1,1,1241,2001-01-30,2001,1,30,2001.1,2001.1,3,1
1,1,1,1,1,1,0,1,0,1,1,1242,2001-01-30,2001,1,30,2001.1,2001.1,3,1
1,1,1,1,1,1,0,1,0,1,3,1243,2001-01-30,2001,1,30,2001.1,2001.1,3,0
1,2,2,2,1,1,0,1,0,1,3,1256,2001-01-30,2001,1,30,2001.1,2001.1,3,0
2,1,1,1,2,2,0,2,0,2,2,1257,2001-01-30,2001,1,30,2001.1,2001.1,3,0
2,2,3,3,3,2,0,2,0,2,3,1258,2001-01-30,2001,1,30,2001.1,2001.1,3,0
1,2,2,2,1,1,0,1,0,1,3,1259,2001-01-30,2001,1,30,2001.1,2001.1,3,0
1,1,1,1,1,1,0,1,0,1,3,1260,2001-01-30,2001,1,30,2001.1,2001.1,3,0
1,1,2,2,1,1,0,1,0,1,3,1261,2001-01-30,2001,1,30,2001.1,2001.1,3,0
1,1,1,3,3,1,0,1,0,1,3,1262,2001-01-30,2001,1,30,2001.1,2001.1,3,0
2,2,2,1,1,2,0,2,0,2,2,1263,2001-01-30,2001,1,30,2001.1,2001.1,3,0
1,1,1,1,1,1,0,5,0,1,3,1264,2001-01-30,2001,1,30,2001.1,2001.1,3,0
1,1,1,3,1,1,0,5,0,1,3,1265,2001-01-30,2001,1,30,2001.1,2001.1,3,0
1,1,1,1,1,1,0,1,0,1,3,1266,2001-01-30,2001,1,30,2001.1,2001.1,3,0
1,1,1,1,1,1,0,1,0,1,1,1267,2001-02-26,2001,2,26,2001.1,2001.1,3,1
1,1,1,1,1,1,0,1,0,1,1,1268,2001-04-06,2001,4,6,2001.2,2001.1,3,1
1,1,1,1,1,1,0,1,0,1,1,1269,2001-04-06,2001,4,6,2001.2,2001.1,3,1
1,1,1,1,1,1,0,1,0,1,1,1270,2001-04-06,2001,4,6,2001.2,2001.1,3,1
1,1,2,1,1,1,0,1,0,1,1,1271,2001-04-06,2001,4,6,2001.2,2001.1,3,0
1,2,1,1,1,1,0,1,0,1,1,1272,2001-04-06,2001,4,6,2001.2,2001.1,3,0
1,2,1,1,1,1,0,1,0,1,1,1273,2001-04-06,2001,4,6,2001.2,2001.1,3,0
1,3,1,1,1,1,0,1,0,1,1,1274,2001-04-06,2001,4,6,2001.2,2001.1,3,0
1,1,1,1,1,1,0,1,0,1,1,1275,2001-04-06,2001,4,6,2001.2,2001.1,3,1
1,1,1,1,1,1,0,1,0,1,1,1276,2001-04-06,2001,4,6,2001.2,2001.1,3,1
1,1,1,1,1,1,0,1,0,1,1,1277,2001-04-06,2001,4,6,2001.2,2001.1,3,1
1,2,1,1,1,1,0,1,0,1,1,1278,2001-04-06,2001,4,6,2001.2,2001.1,3,0
1,2,1,2,1,1,0,1,0,1,1,1279,2001-04-06,2001,4,6,2001.2,2001.1,3,0
1,2,1,1,1,1,0,1,0,1,1,1280,2001-04-06,2001,4,6,2001.2,2001.1,3,0
1,2,2,2,2,2,0,1,0,6,2,1281,2001-04-06,2001,4,6,2001.2,2001.1,3,0
2,1,2,1,2,2,0,2,0,6,2,1282,2001-04-06,2001,4,6,2001.2,2001.1,3,0
5,3,1,3,1,1,0,5,0,1,1,1283,2001-04-06,2001,4,6,2001.2,2001.1,3,0
1,1,1,1,1,1,0,1,0,1,1,1284,2001-04-06,2001,4,6,2001.2,2001.1,3,1
1,1,1,1,1,1,0,1,0,1,1,1285,2001-04-06,2001,4,6,2001.2,2001.1,3,1
2,1,2,1,2,2,0,2,0,2,2,1294,2001-04-06,2001,4,6,2001.2,2001.1,3,0
1,1,1,1,1,1,0,1,0,1,1,1295,2001-04-06,2001,4,6,2001.2,2001.1,3,1
1,1,1,2,1,1,0,1,0,1,1,1296,2001-04-06,2001,4,6,2001.2,2001.1,3,0
1,1,1,2,1,1,0,1,0,1,1,1297,2001-04-06,2001,4,6,2001.2,2001.1,3,0
1,1,2,2,1,1,0,1,0,1,2,1298,2001-04-06,2001,4,6,2001.2,2001.1,3,0
1,1,1,2,1,1,0,1,0,1,1,1299,2001-04-06,2001,4,6,2001.2,2001.1,3,0
1,1,2,2,1,1,0,1,0,1,1,1300,2001-04-06,2001,4,6,2001.2,2001.1,3,0
1,1,1,2,1,1,0,1,0,1,1,1301,2001-04-06,2001,4,6,2001.2,2001.1,3,0
1,1,1,2,1,1,0,1,0,1,1,1302,2001-04-06,2001,4,6,2001.2,2001.1,3,0
1,1,1,2,1,1,0,1,0,1,1,1303,2001-05-21,2001,5,21,2001.2,2001.1,3,0
1,1,1,1,1,1,0,1,0,1,1,1304,2001-06-27,2001,6,27,2001.2,2001.1,3,1
1,1,1,1,2,2,0,1,0,2,1,1305,2001-06-27,2001,6,27,2001.2,2001.1,3,0
2,1,2,1,3,3,0,2,0,2,3,1306,2001-06-27,2001,6,27,2001.2,2001.1,3,0
2,2,2,1,2,2,0,2,0,2,2,1307,2001-06-27,2001,6,27,2001.2,2001.1,3,0
2,1,3,1,2,2,0,2,0,1,2,1308,2001-06-27,2001,6,27,2001.2,2001.1,3,0
1,1,1,1,1,1,0,1,0,1,1,1309,2001-06-27,2001,6,27,2001.2,2001.1,3,1
1,2,1,2,1,1,0,1,0,1,1,1310,2001-06-27,2001,6,27,2001.2,2001.1,3,0
1,1,1,2,1,1,0,1,0,1,1,1311,2001-06-27,2001,6,27,2001.2,2001.1,3,0
1,1,1,1,1,1,0,1,0,1,1,1312,2001-08-09,2001,8,9,2001.3,2001.2,3,1
1,1,1,1,1,1,0,1,0,1,1,1313,2001-08-09,2001,8,9,2001.3,2001.2,3,1
1,1,1,1,1,1,0,1,0,1,1,1314,2001-08-09,2001,8,9,2001.3,2001.2,3,1
1,1,1,1,1,1,0,1,0,5,1,1315,2001-08-09,2001,8,9,2001.3,2001.2,3,1
1,1,1,1,1,1,0,1,0,5,1,1316,2001-08-09,2001,8,9,2001.3,2001.2,3,1
2,2,1,1,2,2,0,2,0,2,2,1317,2001-08-09,2001,8,9,2001.3,2001.2,3,0
2,2,1,1,2,2,0,2,0,2,2,1318,2001-08-09,2001,8,9,2001.3,2001.2,3,0
2,2,1,1,2,2,0,2,0,2,2,1319,2001-08-09,2001,8,9,2001.3,2001.2,3,0
1,1,1,1,1,1,0,1,0,1,1,1320,2001-08-09,2001,8,9,2001.3,2001.2,3,1
1,1,1,2,1,1,0,1,0,1,1,1321,2001-08-09,2001,8,9,2001.3,2001.2,3,0
1,1,1,1,1,1,0,1,0,1,1,1322,2001-08-09,2001,8,9,2001.3,2001.2,3,1
1,1,1,3,1,1,0,1,0,1,1,1323,2001-08-09,2001,8,9,2001.3,2001.2,3,0
2,2,3,3,2,2,0,5,0,2,2,1324,2001-08-09,2001,8,9,2001.3,2001.2,3,0
1,1,2,2,1,1,0,1,0,1,1,1325,2001-08-09,2001,8,9,2001.3,2001.2,3,0
1,1,3,2,1,1,0,1,0,1,5,1326,2001-08-09,2001,8,9,2001.3,2001.2,3,0
1,1,1,2,1,1,0,1,0,1,5,1327,2001-08-09,2001,8,9,2001.3,2001.2,3,0
1,1,1,2,1,1,0,1,0,1,5,1328,2001-08-09,2001,8,9,2001.3,2001.2,3,0
1,1,1,1,1,1,0,1,0,1,5,1329,2001-08-09,2001,8,9,2001.3,2001.2,3,1
1,2,1,1,1,1,0,1,0,3,5,1332,2001-08-09,2001,8,9,2001.3,2001.2,3,0
1,2,1,2,1,1,0,1,0,1,5,1333,2001-08-09,2001,8,9,2001.3,2001.2,3,0
1,2,1,1,1,1,0,3,0,1,5,1334,2001-08-09,2001,8,9,2001.3,2001.2,3,0
1,1,1,2,1,1,0,1,0,1,5,1335,2001-08-09,2001,8,9,2001.3,2001.2,3,0
1,1,1,2,1,1,0,1,0,1,5,1336,2001-08-09,2001,8,9,2001.3,2001.2,3,0
1,1,3,2,1,1,0,1,0,1,5,1337,2001-08-09,2001,8,9,2001.3,2001.2,3,0
1,1,1,1,1,1,0,1,0,1,1,1338,2001-08-31,2001,8,31,2001.3,2001.2,3,1
1,3,1,1,1,1,0,1,0,1,1,1339,2001-08-31,2001,8,31,2001.3,2001.2,3,0
1,2,1,1,1,1,0,1,0,1,1,1340,2001-08-31,2001,8,31,2001.3,2001.2,3,0
1,1,1,1,1,1,0,1,0,1,1,1341,2001-08-31,2001,8,31,2001.3,2001.2,3,1
2,2,2,1,2,2,0,2,0,2,2,1342,2001-08-31,2001,8,31,2001.3,2001.2,3,0
2,2,2,1,2,2,0,2,0,2,2,1343,2001-08-31,2001,8,31,2001.3,2001.2,3,0
2,1,2,3,2,2,0,2,0,3,2,1344,2001-08-31,2001,8,31,2001.3,2001.2,3,0
1,1,1,1,1,1,0,1,0,1,1,1345,2001-08-31,2001,8,31,2001.3,2001.2,3,1
1,1,1,1,1,1,0,1,0,1,1,1346,2001-09-20,2001,9,20,2001.3,2001.2,3,1
1,1,1,1,1,1,0,1,0,1,1,1347,2001-09-20,2001,9,20,2001.3,2001.2,3,1
1,1,1,1,1,1,0,1,0,1,1,1348,2001-09-20,2001,9,20,2001.3,2001.2,3,1
1,2,1,1,1,1,0,1,0,3,1,1349,2001-09-20,2001,9,20,2001.3,2001.2,3,0
1,1,1,1,1,1,0,1,0,1,1,1350,2001-09-20,2001,9,20,2001.3,2001.2,3,1
1,2,2,2,1,1,0,1,0,1,1,1351,2001-09-20,2001,9,20,2001.3,2001.2,3,0
1,3,3,3,1,1,0,1,0,1,1,1352,2001-09-20,2001,9,20,2001.3,2001.2,3,0
1,5,1,2,1,1,0,1,0,1,1,1353,2001-09-20,2001,9,20,2001.3,2001.2,3,0
1,1,1,1,1,1,0,1,0,1,1,1354,2001-09-20,2001,9,20,2001.3,2001.2,3,1
1,1,1,1,1,1,0,1,0,1,1,1355,2001-10-24,2001,10,24,2001.4,2001.2,3,1
1,1,1,1,1,1,0,1,0,1,1,1356,2001-10-24,2001,10,24,2001.4,2001.2,3,1
1,3,1,3,1,1,0,1,0,3,1,1357,2001-10-24,2001,10,24,2001.4,2001.2,3,0
1,2,1,1,1,1,0,1,0,1,1,1358,2001-10-24,2001,10,24,2001.4,2001.2,3,0
1,1,1,1,1,1,0,1,0,5,1,1359,2001-10-24,2001,10,24,2001.4,2001.2,3,1
1,1,3,3,1,1,0,1,0,3,1,1360,2001-10-24,2001,10,24,2001.4,2001.2,3,0
1,1,1,1,1,1,0,1,0,1,1,1361,2001-10-24,2001,10,24,2001.4,2001.2,3,1
1,1,1,3,1,1,0,1,0,1,1,1362,2001-10-24,2001,10,24,2001.4,2001.2,3,0
1,1,1,1,1,1,0,1,0,1,1,1363,2001-10-24,2001,10,24,2001.4,2001.2,3,1
1,2,1,1,1,1,0,1,0,1,1,1364,2001-12-12,2001,12,12,2001.4,2001.2,3,0
1,3,1,1,1,1,0,1,0,1,1,1365,2001-12-12,2001,12,12,2001.4,2001.2,3,0
1,3,1,1,1,1,0,1,0,1,1,1366,2001-12-12,2001,12,12,2001.4,2001.2,3,0
1,3,2,2,1,1,0,1,0,2,1,1367,2001-12-12,2001,12,12,2001.4,2001.2,3,0
1,3,1,2,1,1,0,1,0,1,1,1368,2001-12-12,2001,12,12,2001.4,2001.2,3,0
1,3,2,2,1,1,0,1,0,2,1,1369,2001-12-12,2001,12,12,2001.4,2001.2,3,0
1,3,1,1,1,1,0,1,0,1,1,1370,2001-12-12,2001,12,12,2001.4,2001.2,3,0
2,3,2,1,2,2,0,2,0,2,1,1371,2001-12-12,2001,12,12,2001.4,2001.2,3,0
2,3,2,2,2,2,0,2,0,2,2,1372,2001-12-12,2001,12,12,2001.4,2001.2,3,0
3,3,2,2,1,2,0,2,0,3,3,1373,2001-12-12,2001,12,12,2001.4,2001.2,3,0
1,2,1,1,1,1,0,1,0,1,1,1374,2001-12-12,2001,12,12,2001.4,2001.2,3,0
1,2,1,1,1,5,0,1,0,1,1,1375,2001-12-12,2001,12,12,2001.4,2001.2,3,0
1,2,1,1,1,1,0,1,0,1,1,1376,2001-12-12,2001,12,12,2001.4,2001.2,3,0
1,2,1,1,1,1,0,1,0,1,1,1377,2001-12-12,2001,12,12,2001.4,2001.2,3,0
1,2,1,1,1,1,0,1,0,1,1,1378,2001-12-12,2001,12,12,2001.4,2001.2,3,0
1,1,1,1,1,1,0,1,0,1,1,1379,2001-12-12,2001,12,12,2001.4,2001.2,3,1
1,1,1,1,1,1,0,1,0,1,1,1380,2001-12-12,2001,12,12,2001.4,2001.2,3,1
1,1,1,2,1,1,0,1,0,1,1,1381,2001-12-12,2001,12,12,2001.4,2001.2,3,0
1,1,1,2,1,1,0,1,0,1,2,1382,2001-12-12,2001,12,12,2001.4,2001.2,3,0
1,1,1,1,1,1,0,1,0,1,1,1383,2001-12-12,2001,12,12,2001.4,2001.2,3,1
1,1,1,2,1,1,0,1,0,1,1,1384,2001-12-12,2001,12,12,2001.4,2001.2,3,0
1,1,1,1,1,1,0,1,0,1,1,1385,2001-12-12,2001,12,12,2001.4,2001.2,3,1
1,1,1,1,1,1,0,1,0,1,1,1386,2001-12-12,2001,12,12,2001.4,2001.2,3,1
1,2,2,2,1,1,0,1,0,1,2,1387,2001-12-12,2001,12,12,2001.4,2001.2,3,0
1,1,1,1,1,1,0,1,0,1,1,1388,2002-01-30,2002,1,30,2002.1,2002.1,3,1
1,2,1,1,1,1,0,1,0,1,1,1389,2002-01-30,2002,1,30,2002.1,2002.1,3,0
2,1,2,2,2,2,0,2,0,2,2,1390,2002-01-30,2002,1,30,2002.1,2002.1,3,0
1,1,1,1,1,1,0,1,0,1,1,1391,2002-01-30,2002,1,30,2002.1,2002.1,3,1
1,1,1,1,1,1,0,1,0,1,1,1392,2002-01-30,2002,1,30,2002.1,2002.1,3,1
1,1,1,1,1,1,0,1,0,1,1,1393,2002-01-30,2002,1,30,2002.1,2002.1,3,1
1,1,1,1,1,1,0,1,0,1,1,1394,2002-01-30,2002,1,30,2002.1,2002.1,3,1
1,1,2,2,1,2,0,1,0,1,1,1395,2002-01-30,2002,1,30,2002.1,2002.1,3,0
1,1,1,3,1,1,0,1,0,1,1,1396,2002-01-30,2002,1,30,2002.1,2002.1,3,0
1,1,1,3,1,1,0,1,0,1,1,1397,2002-01-30,2002,1,30,2002.1,2002.1,3,0
1,3,1,2,1,1,0,1,0,1,2,1398,2002-01-30,2002,1,30,2002.1,2002.1,3,0
1,1,1,1,1,1,0,1,0,1,1,1399,2002-04-17,2002,4,17,2002.2,2002.1,3,1
1,1,1,1,1,1,0,1,0,1,1,1400,2002-04-17,2002,4,17,2002.2,2002.1,3,1
1,3,1,1,1,1,0,1,0,1,1,1401,2002-04-17,2002,4,17,2002.2,2002.1,3,0
1,1,1,1,1,1,0,1,0,1,1,1402,2002-04-17,2002,4,17,2002.2,2002.1,3,1
1,1,1,2,1,1,0,1,0,1,1,1403,2002-04-17,2002,4,17,2002.2,2002.1,3,0
1,1,5,1,1,1,0,1,0,1,1,1404,2002-04-17,2002,4,17,2002.2,2002.1,3,1
1,1,5,1,1,1,0,1,0,1,1,1405,2002-04-17,2002,4,17,2002.2,2002.1,3,1
1,1,1,1,1,1,0,1,0,1,1,1406,2002-04-17,2002,4,17,2002.2,2002.1,3,1
1,1,1,2,1,1,0,1,0,1,1,1407,2002-04-17,2002,4,17,2002.2,2002.1,3,0
1,1,1,3,1,1,0,1,0,1,3,1408,2002-04-17,2002,4,17,2002.2,2002.1,3,0
1,1,1,3,1,1,0,5,0,1,1,1491,2002-04-17,2002,4,17,2002.2,2002.1,3,0
1,2,1,2,1,1,0,5,0,1,1,1492,2002-04-17,2002,4,17,2002.2,2002.1,3,0
1,1,1,3,1,1,0,1,0,1,1,1493,2002-04-17,2002,4,17,2002.2,2002.1,3,0
1,1,1,1,1,1,0,1,0,1,1,1494,2002-04-17,2002,4,17,2002.2,2002.1,3,1
1,1,1,1,1,1,0,1,0,1,1,1495,2002-04-17,2002,4,17,2002.2,2002.1,3,1
1,1,1,1,1,1,0,1,0,1,1,1496,2002-04-17,2002,4,17,2002.2,2002.1,3,1
1,1,1,2,1,1,0,1,0,1,1,1497,2002-04-17,2002,4,17,2002.2,2002.1,3,0
1,1,1,2,1,1,0,1,0,1,5,1498,2002-04-17,2002,4,17,2002.2,2002.1,3,0
1,1,1,2,1,1,0,1,0,1,1,1499,2002-04-17,2002,4,17,2002.2,2002.1,3,0
1,2,1,2,1,1,0,1,0,1,1,1500,2002-04-17,2002,4,17,2002.2,2002.1,3,0
1,1,1,1,1,1,0,1,0,1,1,1501,2002-05-17,2002,5,17,2002.2,2002.1,3,1
1,1,1,1,1,1,0,1,0,1,1,1502,2002-05-17,2002,5,17,2002.2,2002.1,3,1
1,1,1,1,1,1,0,1,0,1,1,1503,2002-05-17,2002,5,17,2002.2,2002.1,3,1
1,1,1,1,1,1,0,1,0,1,1,1504,2002-05-17,2002,5,17,2002.2,2002.1,3,1
2,2,2,1,2,2,0,2,0,2,2,1505,2002-05-17,2002,5,17,2002.2,2002.1,3,0
2,2,2,1,2,2,0,2,0,2,2,1506,2002-05-17,2002,5,17,2002.2,2002.1,3,0
1,1,1,1,1,1,0,1,0,1,1,1507,2002-05-17,2002,5,17,2002.2,2002.1,3,1
1,1,1,1,1,1,0,1,0,1,1,1508,2002-07-03,2002,7,3,2002.3,2002.2,3,1
2,2,2,1,2,2,0,2,0,2,3,1509,2002-07-03,2002,7,3,2002.3,2002.2,3,0
1,1,1,3,1,1,0,1,0,1,1,1510,2002-07-03,2002,7,3,2002.3,2002.2,3,0
2,1,2,1,2,2,0,2,0,3,2,1511,2002-07-03,2002,7,3,2002.3,2002.2,3,0
1,2,1,1,1,1,0,1,0,1,1,1512,2002-07-03,2002,7,3,2002.3,2002.2,3,0
1,2,1,1,1,1,0,1,0,1,1,1513,2002-07-03,2002,7,3,2002.3,2002.2,3,0
1,2,1,1,1,1,0,1,0,1,1,1514,2002-07-03,2002,7,3,2002.3,2002.2,3,0
1,1,1,1,1,1,0,1,0,1,1,1515,2002-07-03,2002,7,3,2002.3,2002.2,3,1
1,2,1,1,1,2,0,1,0,1,3,1516,2002-07-03,2002,7,3,2002.3,2002.2,3,0
1,2,1,1,1,1,0,1,0,1,1,1517,2002-07-03,2002,7,3,2002.3,2002.2,3,0
1,2,1,1,1,1,0,1,0,1,1,1518,2002-07-03,2002,7,3,2002.3,2002.2,3,0
1,1,1,2,1,1,0,1,0,1,1,1519,2002-07-03,2002,7,3,2002.3,2002.2,3,0
1,2,1,1,1,1,0,1,0,1,1,1520,2002-07-03,2002,7,3,2002.3,2002.2,3,0
1,2,1,1,1,1,0,1,0,1,1,1521,2002-07-03,2002,7,3,2002.3,2002.2,3,0
1,1,1,1,1,1,0,1,0,1,1,1522,2002-07-03,2002,7,3,2002.3,2002.2,3,1
1,1,1,1,1,1,0,1,0,1,1,1523,2002-07-03,2002,7,3,2002.3,2002.2,3,1
1,5,1,1,1,1,0,1,0,1,1,1524,2002-07-03,2002,7,3,2002.3,2002.2,3,1
1,1,1,1,1,1,0,1,0,1,1,1525,2002-07-03,2002,7,3,2002.3,2002.2,3,1
1,2,3,2,1,1,0,1,0,1,1,1526,2002-07-03,2002,7,3,2002.3,2002.2,3,0
1,1,1,2,1,1,0,1,0,1,1,1527,2002-07-03,2002,7,3,2002.3,2002.2,3,0
1,2,1,3,1,1,0,1,0,1,1,1528,2002-07-03,2002,7,3,2002.3,2002.2,3,0
1,1,1,1,1,1,0,1,0,1,1,1529,2002-07-03,2002,7,3,2002.3,2002.2,3,1
1,1,1,1,1,1,0,1,0,1,1,1530,2002-07-03,2002,7,3,2002.3,2002.2,3,1
1,1,1,1,1,1,0,1,0,1,1,1531,2002-08-09,2002,8,9,2002.3,2002.2,3,1
1,2,1,2,1,1,0,1,0,1,1,1532,2002-08-09,2002,8,9,2002.3,2002.2,3,0
2,1,2,1,2,2,0,2,0,2,2,1533,2002-08-09,2002,8,9,2002.3,2002.2,3,0
1,1,1,1,1,1,0,1,0,1,1,1534,2002-08-09,2002,8,9,2002.3,2002.2,3,1
1,1,1,1,1,1,0,1,0,1,1,1535,2002-08-09,2002,8,9,2002.3,2002.2,3,1
1,1,1,1,1,1,0,1,0,1,1,1536,2002-08-09,2002,8,9,2002.3,2002.2,3,1
1,1,1,1,1,1,0,1,0,1,1,1537,2002-08-09,2002,8,9,2002.3,2002.2,3,1
1,1,1,2,1,5,0,1,0,1,1,1538,2002-08-09,2002,8,9,2002.3,2002.2,3,0
1,1,1,1,1,1,0,1,0,1,1,1539,2002-08-09,2002,8,9,2002.3,2002.2,3,1
1,1,1,1,1,1,0,1,0,1,1,1540,2002-08-09,2002,8,9,2002.3,2002.2,3,1
1,1,2,2,1,1,0,1,0,1,1,1541,2002-08-09,2002,8,9,2002.3,2002.2,3,0
1,1,1,3,1,1,0,1,0,1,1,1542,2002-08-09,2002,8,9,2002.3,2002.2,3,0
1,1,1,1,1,1,0,1,0,1,1,1543,2002-08-09,2002,8,9,2002.3,2002.2,3,1
1,1,1,1,1,1,0,1,0,1,1,1544,2002-08-09,2002,8,9,2002.3,2002.2,3,1
1,1,1,1,1,1,0,1,0,1,1,1545,2002-09-24,2002,9,24,2002.3,2002.2,3,1
1,1,1,1,1,1,0,1,0,1,1,1546,2002-09-24,2002,9,24,2002.3,2002.2,3,1
1,1,1,1,1,1,0,1,0,1,1,1547,2002-09-24,2002,9,24,2002.3,2002.2,3,1
1,1,1,1,1,1,0,1,0,1,1,1548,2002-09-24,2002,9,24,2002.3,2002.2,3,1
1,1,1,2,1,1,0,1,0,1,1,1549,2002-09-24,2002,9,24,2002.3,2002.2,3,0
1,1,1,1,1,1,0,1,0,1,1,1550,2002-09-24,2002,9,24,2002.3,2002.2,3,1
1,1,1,1,1,1,0,1,0,1,1,1551,2002-09-24,2002,9,24,2002.3,2002.2,3,1
2,2,2,1,2,2,0,2,0,2,2,1552,2002-09-24,2002,9,24,2002.3,2002.2,3,0
1,1,1,1,1,1,0,1,0,1,1,1553,2002-09-24,2002,9,24,2002.3,2002.2,3,1
1,1,1,1,1,1,0,1,0,1,1,1554,2002-09-24,2002,9,24,2002.3,2002.2,3,1
1,3,1,3,1,1,0,1,0,1,1,1555,2002-09-24,2002,9,24,2002.3,2002.2,3,0
1,3,1,2,1,1,0,5,0,1,1,1556,2002-09-24,2002,9,24,2002.3,2002.2,3,0
1,3,1,2,1,1,0,1,0,1,1,1557,2002-09-24,2002,9,24,2002.3,2002.2,3,0
1,3,1,2,1,1,0,1,0,1,5,1558,2002-09-24,2002,9,24,2002.3,2002.2,3,0
1,1,1,1,1,1,0,1,0,1,1,1559,2002-09-24,2002,9,24,2002.3,2002.2,3,1
1,3,1,2,1,1,0,1,0,1,1,1560,2002-09-24,2002,9,24,2002.3,2002.2,3,0
1,3,1,2,1,1,0,1,0,1,1,1561,2002-09-24,2002,9,24,2002.3,2002.2,3,0
1,1,1,1,1,1,0,1,0,1,1,1562,2002-10-03,2002,10,3,2002.4,2002.2,3,1
1,1,1,2,1,1,0,1,0,1,1,1563,2002-10-03,2002,10,3,2002.4,2002.2,3,0
1,1,1,1,1,1,0,1,0,1,1,1564,2002-10-03,2002,10,3,2002.4,2002.2,3,1
1,1,1,1,1,1,0,1,0,1,1,1565,2002-10-03,2002,10,3,2002.4,2002.2,3,1
1,1,1,1,1,1,0,1,0,1,1,1566,2002-10-03,2002,10,3,2002.4,2002.2,3,1
1,1,1,1,1,1,0,1,0,1,1,1567,2002-10-21,2002,10,21,2002.4,2002.2,3,1
1,1,1,3,1,1,0,1,0,1,1,1568,2002-10-21,2002,10,21,2002.4,2002.2,3,0
1,1,1,3,1,1,0,1,0,1,1,1569,2002-10-21,2002,10,21,2002.4,2002.2,3,0
2,2,1,2,1,2,0,2,0,2,2,1570,2002-10-21,2002,10,21,2002.4,2002.2,3,0
1,1,6,3,6,3,0,1,0,1,1,1571,2002-10-21,2002,10,21,2002.4,2002.2,3,0
1,1,1,1,1,1,0,1,0,1,1,1572,2002-10-21,2002,10,21,2002.4,2002.2,3,1
1,1,1,1,1,1,0,1,0,1,1,1573,2002-10-21,2002,10,21,2002.4,2002.2,3,1
1,2,1,2,1,1,0,1,0,1,1,1574,2002-10-21,2002,10,21,2002.4,2002.2,3,0
1,2,1,1,1,1,0,1,0,1,1,1575,2002-10-21,2002,10,21,2002.4,2002.2,3,0
1,1,1,1,1,1,0,1,0,1,1,1576,2002-10-21,2002,10,21,2002.4,2002.2,3,1
1,2,1,2,1,1,0,1,0,1,5,1577,2002-10-21,2002,10,21,2002.4,2002.2,3,0
6,6,6,6,6,6,0,6,0,6,6,1578,2002-10-21,2002,10,21,2002.4,2002.2,3,0
6,6,6,6,6,6,0,6,0,6,6,1579,2002-10-21,2002,10,21,2002.4,2002.2,3,0
1,6,2,6,1,1,0,1,0,1,1,1580,2002-10-21,2002,10,21,2002.4,2002.2,3,0
6,6,6,6,6,6,0,6,0,6,6,1581,2002-10-21,2002,10,21,2002.4,2002.2,3,0
6,6,6,6,6,6,0,6,0,6,6,1582,2002-10-21,2002,10,21,2002.4,2002.2,3,0
1,2,1,2,1,1,0,1,0,1,1,1583,2002-10-21,2002,10,21,2002.4,2002.2,3,0
2,1,2,1,2,2,0,2,0,2,2,1584,2002-10-21,2002,10,21,2002.4,2002.2,3,0
1,1,1,1,1,1,0,1,0,1,1,1585,2002-10-21,2002,10,21,2002.4,2002.2,3,1
1,1,1,3,1,1,0,5,0,1,1,1586,2002-10-21,2002,10,21,2002.4,2002.2,3,0
1,1,1,2,1,1,0,5,0,1,1,1587,2002-10-21,2002,10,21,2002.4,2002.2,3,0
1,1,1,1,1,1,0,1,0,1,1,1588,2002-11-27,2002,11,27,2002.4,2002.2,3,1
1,1,1,1,1,1,0,1,0,1,1,1589,2002-11-27,2002,11,27,2002.4,2002.2,3,1
1,2,1,3,1,1,0,1,0,1,1,1590,2002-11-27,2002,11,27,2002.4,2002.2,3,0
1,1,1,1,1,1,0,1,0,1,1,1591,2002-11-27,2002,11,27,2002.4,2002.2,3,1
1,1,1,1,1,1,0,1,0,1,1,1592,2002-11-27,2002,11,27,2002.4,2002.2,3,1
2,2,1,1,2,2,0,2,0,2,2,1593,2002-11-27,2002,11,27,2002.4,2002.2,3,0
1,2,1,1,1,1,0,1,0,1,1,1594,2002-11-27,2002,11,27,2002.4,2002.2,3,0
2,1,2,2,2,2,0,2,0,2,2,1595,2002-11-27,2002,11,27,2002.4,2002.2,3,0
1,1,1,1,1,1,0,1,0,1,1,1596,2002-11-27,2002,11,27,2002.4,2002.2,3,1
1,2,1,2,1,1,0,1,0,2,2,1597,2002-11-27,2002,11,27,2002.4,2002.2,3,0
1,1,1,2,1,1,0,1,0,1,1,1598,2002-11-27,2002,11,27,2002.4,2002.2,3,0
1,1,1,1,1,1,0,1,0,1,1,1599,2002-11-27,2002,11,27,2002.4,2002.2,3,1
1,1,1,2,1,1,0,1,0,1,1,1600,2002-11-27,2002,11,27,2002.4,2002.2,3,0
1,2,1,2,1,1,0,1,0,3,3,1601,2002-11-27,2002,11,27,2002.4,2002.2,3,0
1,1,1,2,1,1,0,1,0,1,1,1602,2002-11-27,2002,11,27,2002.4,2002.2,3,0
1,1,1,2,1,1,0,1,0,1,1,1603,2002-11-27,2002,11,27,2002.4,2002.2,3,0
1,1,1,2,5,1,0,1,0,1,1,1604,2002-11-27,2002,11,27,2002.4,2002.2,3,0
1,2,1,2,1,1,0,1,0,1,1,1605,2002-11-27,2002,11,27,2002.4,2002.2,3,0
2,1,1,3,1,1,0,1,0,1,1,1606,2002-11-27,2002,11,27,2002.4,2002.2,3,0
2,1,1,1,1,1,0,1,0,1,1,1607,2002-11-27,2002,11,27,2002.4,2002.2,3,0
1,1,1,2,1,5,0,5,0,1,1,1608,2002-11-27,2002,11,27,2002.4,2002.2,3,0
1,1,1,2,1,1,0,5,0,1,1,1609,2002-11-27,2002,11,27,2002.4,2002.2,3,0
1,1,1,2,1,1,0,5,0,1,1,1610,2002-11-27,2002,11,27,2002.4,2002.2,3,0
1,1,1,2,1,1,0,1,0,1,1,1611,2002-11-27,2002,11,27,2002.4,2002.2,3,0
1,1,1,1,1,1,0,1,0,1,1,1612,2002-12-18,2002,12,18,2002.4,2002.2,3,1
1,1,1,1,1,1,0,1,0,1,1,1613,2002-12-18,2002,12,18,2002.4,2002.2,3,1
1,1,1,1,1,1,0,1,0,1,1,1614,2002-12-18,2002,12,18,2002.4,2002.2,3,1
1,2,1,1,1,1,0,1,0,1,1,1615,2002-12-18,2002,12,18,2002.4,2002.2,3,0
1,3,1,2,1,1,0,1,0,1,1,1616,2002-12-18,2002,12,18,2002.4,2002.2,3,0
1,3,1,2,1,1,0,1,0,1,1,1617,2002-12-18,2002,12,18,2002.4,2002.2,3,0
1,3,1,2,1,1,0,1,0,1,1,1618,2002-12-18,2002,12,18,2002.4,2002.2,3,0
1,3,1,2,1,1,0,1,0,1,1,1619,2002-12-18,2002,12,18,2002.4,2002.2,3,0
1,3,1,2,1,1,0,1,0,1,1,1620,2002-12-18,2002,12,18,2002.4,2002.2,3,0
1,3,1,1,1,1,0,1,0,1,1,1621,2002-12-18,2002,12,18,2002.4,2002.2,3,0
1,3,1,1,1,1,0,1,0,1,1,1622,2002-12-18,2002,12,18,2002.4,2002.2,3,0
2,3,2,2,2,2,0,2,0,2,2,1623,2002-12-18,2002,12,18,2002.4,2002.2,3,0
2,3,2,2,2,2,0,2,0,2,2,1624,2002-12-18,2002,12,18,2002.4,2002.2,3,0
1,1,1,1,1,1,0,1,0,1,1,1625,2002-12-18,2002,12,18,2002.4,2002.2,3,1
1,1,1,1,1,1,0,1,0,1,1,1626,2002-12-18,2002,12,18,2002.4,2002.2,3,1
1,1,1,1,1,1,0,1,0,1,1,1627,2002-12-18,2002,12,18,2002.4,2002.2,3,1
3,1,1,1,1,1,0,1,0,1,1,1628,2002-12-18,2002,12,18,2002.4,2002.2,3,0
2,1,2,2,2,2,0,2,0,2,2,1629,2002-12-18,2002,12,18,2002.4,2002.2,3,0
1,1,1,1,1,1,0,1,0,1,1,1630,2002-12-18,2002,12,18,2002.4,2002.2,3,1
1,1,1,1,1,1,0,1,0,1,1,1631,2002-12-18,2002,12,18,2002.4,2002.2,3,1
2,2,2,1,2,2,0,2,0,2,2,1632,2002-12-18,2002,12,18,2002.4,2002.2,3,0
1,1,1,1,1,1,0,1,0,1,1,1633,2002-12-18,2002,12,18,2002.4,2002.2,3,1
1,1,1,3,1,1,0,1,0,1,5,1634,2002-12-18,2002,12,18,2002.4,2002.2,3,0
1,1,1,1,1,1,0,1,0,1,1,1635,2002-12-18,2002,12,18,2002.4,2002.2,3,1
1,2,1,2,5,1,0,1,0,1,1,1636,2002-12-18,2002,12,18,2002.4,2002.2,3,0
1,1,1,2,5,1,0,1,0,1,1,1637,2002-12-18,2002,12,18,2002.4,2002.2,3,0
1,1,1,2,1,1,0,1,0,1,1,1638,2002-12-18,2002,12,18,2002.4,2002.2,3,0
1,2,1,3,1,1,0,1,0,5,1,1639,2002-12-18,2002,12,18,2002.4,2002.2,3,0
1,1,1,2,1,1,0,1,0,1,1,1640,2002-12-18,2002,12,18,2002.4,2002.2,3,0
1,1,1,2,1,1,0,1,0,1,1,1641,2002-12-18,2002,12,18,2002.4,2002.2,3,0
1,3,1,2,1,1,0,1,0,1,1,1642,2002-12-18,2002,12,18,2002.4,2002.2,3,0
1,1,1,2,1,1,0,1,0,1,1,1643,2002-12-18,2002,12,18,2002.4,2002.2,3,0
1,2,1,2,1,1,0,1,0,1,1,1644,2002-12-18,2002,12,18,2002.4,2002.2,3,0
1,2,1,3,1,1,0,1,0,1,1,1645,2002-12-18,2002,12,18,2002.4,2002.2,3,0
1,1,1,2,1,1,0,1,0,1,1,1646,2002-12-18,2002,12,18,2002.4,2002.2,3,0
1,1,1,2,1,1,0,1,0,1,1,1647,2002-12-18,2002,12,18,2002.4,2002.2,3,0
1,1,4,1,1,1,0,1,0,1,1,1648,2003-01-28,2003,1,28,2003.1,2003.1,3,1
1,1,4,1,1,1,0,1,0,1,1,1649,2003-01-28,2003,1,28,2003.1,2003.1,3,1
1,3,4,1,1,1,0,1,0,1,1,1650,2003-01-28,2003,1,28,2003.1,2003.1,3,0
1,1,4,1,1,1,0,1,0,1,1,1651,2003-01-28,2003,1,28,2003.1,2003.1,3,1
1,3,4,1,1,1,0,1,0,1,1,1652,2003-01-28,2003,1,28,2003.1,2003.1,3,0
1,2,4,1,1,1,0,1,0,1,1,1654,2003-01-28,2003,1,28,2003.1,2003.1,3,0
1,6,4,2,1,1,0,1,0,1,2,1655,2003-01-28,2003,1,28,2003.1,2003.1,3,0
1,1,4,1,1,1,0,1,0,1,1,1656,2003-01-28,2003,1,28,2003.1,2003.1,3,1
1,1,4,1,1,1,0,1,0,1,1,1657,2003-01-28,2003,1,28,2003.1,2003.1,3,1
1,1,4,1,1,1,0,1,0,1,1,1658,2003-01-28,2003,1,28,2003.1,2003.1,3,1
1,1,4,1,1,1,0,1,0,1,1,1659,2003-01-28,2003,1,28,2003.1,2003.1,3,1
1,1,4,1,1,1,0,1,0,1,1,1660,2003-01-28,2003,1,28,2003.1,2003.1,3,1
2,1,4,1,2,2,0,2,0,2,2,1661,2003-01-28,2003,1,28,2003.1,2003.1,3,0
1,1,4,1,1,1,0,1,0,1,1,1662,2003-01-28,2003,1,28,2003.1,2003.1,3,1
1,3,4,2,1,1,0,1,0,1,1,1663,2003-01-28,2003,1,28,2003.1,2003.1,3,0
1,3,4,3,1,1,0,1,0,1,1,1664,2003-01-28,2003,1,28,2003.1,2003.1,3,0
1,3,4,2,1,1,0,1,0,1,1,1665,2003-01-28,2003,1,28,2003.1,2003.1,3,0
3,3,4,2,1,1,0,1,0,3,1,1666,2003-01-28,2003,1,28,2003.1,2003.1,3,0
1,3,4,2,1,1,0,1,0,1,1,1667,2003-01-28,2003,1,28,2003.1,2003.1,3,0
1,3,4,2,1,1,0,1,0,1,1,1668,2003-01-28,2003,1,28,2003.1,2003.1,3,0
1,3,4,1,1,1,0,1,0,1,1,1669,2003-01-28,2003,1,28,2003.1,2003.1,3,0
1,3,4,2,1,1,0,1,0,1,5,1671,2003-01-28,2003,1,28,2003.1,2003.1,3,0
1,3,4,2,1,1,0,1,0,1,1,1672,2003-01-28,2003,1,28,2003.1,2003.1,3,0
1,3,4,2,1,1,0,1,0,1,3,1673,2003-01-28,2003,1,28,2003.1,2003.1,3,0
1,1,1,1,1,1,0,1,0,1,1,1674,2003-02-28,2003,2,28,2003.1,2003.1,3,1
1,1,1,1,1,1,0,1,0,1,1,1675,2003-02-28,2003,2,28,2003.1,2003.1,3,1
1,1,1,1,1,1,0,1,0,1,1,1676,2003-02-28,2003,2,28,2003.1,2003.1,3,1
1,1,1,1,1,1,0,1,0,1,1,1677,2003-02-28,2003,2,28,2003.1,2003.1,3,1
1,1,1,1,1,1,0,1,0,1,1,1678,2003-02-28,2003,2,28,2003.1,2003.1,3,1
2,1,1,1,2,2,0,2,0,2,1,1679,2003-02-28,2003,2,28,2003.1,2003.1,3,0
1,1,1,1,1,1,0,1,0,1,1,1680,2003-02-28,2003,2,28,2003.1,2003.1,3,1
1,2,1,2,1,1,0,1,0,1,1,1681,2003-02-28,2003,2,28,2003.1,2003.1,3,0
1,3,2,2,1,1,0,1,0,1,1,1682,2003-02-28,2003,2,28,2003.1,2003.1,3,0
1,3,2,2,1,1,0,1,0,1,1,1683,2003-02-28,2003,2,28,2003.1,2003.1,3,0
1,3,2,2,1,1,0,1,0,1,1,1684,2003-02-28,2003,2,28,2003.1,2003.1,3,0
2,3,3,3,2,2,0,2,0,2,2,1685,2003-02-28,2003,2,28,2003.1,2003.1,3,0
2,3,1,3,2,2,0,2,0,2,2,1686,2003-02-28,2003,2,28,2003.1,2003.1,3,0
2,3,2,3,2,2,0,2,0,2,2,1687,2003-02-28,2003,2,28,2003.1,2003.1,3,0
2,2,2,1,2,2,0,2,0,2,2,1688,2003-02-28,2003,2,28,2003.1,2003.1,3,0
1,3,1,3,5,1,0,1,0,1,1,1689,2003-02-28,2003,2,28,2003.1,2003.1,3,0
1,3,1,2,1,1,0,1,0,1,1,1690,2003-02-28,2003,2,28,2003.1,2003.1,3,0
1,3,1,2,1,1,0,1,0,1,1,1691,2003-02-28,2003,2,28,2003.1,2003.1,3,0
1,3,1,2,1,1,0,1,0,1,1,1692,2003-02-28,2003,2,28,2003.1,2003.1,3,0
1,3,1,2,1,1,0,1,0,1,1,1693,2003-02-28,2003,2,28,2003.1,2003.1,3,0
1,2,3,2,1,1,0,1,0,1,1,1694,2003-02-28,2003,2,28,2003.1,2003.1,3,0
1,3,1,2,1,1,0,1,0,1,5,1695,2003-02-28,2003,2,28,2003.1,2003.1,3,0
1,1,1,2,1,1,0,1,0,1,5,1696,2003-02-28,2003,2,28,2003.1,2003.1,3,0
1,1,1,1,1,1,0,1,0,1,1,1697,2003-03-14,2003,3,14,2003.1,2003.1,3,1
1,1,1,1,1,1,0,1,0,1,1,1698,2003-03-14,2003,3,14,2003.1,2003.1,3,1
1,1,1,1,1,1,0,1,0,1,1,1699,2003-03-14,2003,3,14,2003.1,2003.1,3,1
1,1,1,1,1,1,0,1,0,1,1,1700,2003-03-14,2003,3,14,2003.1,2003.1,3,1
1,3,1,1,1,1,0,1,0,1,1,1703,2003-03-14,2003,3,14,2003.1,2003.1,3,0
1,3,1,1,1,1,0,1,0,1,1,1704,2003-03-14,2003,3,14,2003.1,2003.1,3,0
1,3,1,2,1,1,0,1,0,1,1,1705,2003-03-14,2003,3,14,2003.1,2003.1,3,0
1,3,1,2,1,1,0,1,0,1,1,1706,2003-03-14,2003,3,14,2003.1,2003.1,3,0
1,3,1,2,1,1,0,1,0,1,2,1707,2003-03-14,2003,3,14,2003.1,2003.1,3,0
1,3,1,2,1,1,0,1,0,1,2,1708,2003-03-14,2003,3,14,2003.1,2003.1,3,0
1,1,1,1,1,1,0,1,0,1,1,1714,2003-03-14,2003,3,14,2003.1,2003.1,3,1
1,1,1,1,1,1,0,1,0,1,1,1716,2003-03-31,2003,3,31,2003.1,2003.1,3,1
1,1,1,1,1,1,0,1,0,1,1,1717,2003-03-31,2003,3,31,2003.1,2003.1,3,1
1,1,1,1,1,1,0,1,0,1,1,1718,2003-03-31,2003,3,31,2003.1,2003.1,3,1
1,1,1,1,1,1,0,1,0,1,1,1719,2003-04-18,2003,4,18,2003.2,2003.1,3,1
1,6,1,2,1,1,0,1,0,1,1,1720,2003-04-18,2003,4,18,2003.2,2003.1,3,0
1,1,1,1,1,1,0,1,0,1,1,1721,2003-04-30,2003,4,30,2003.2,2003.1,3,1
1,1,1,1,1,1,0,1,0,1,1,1722,2003-04-30,2003,4,30,2003.2,2003.1,3,1
1,1,1,1,1,2,0,1,0,1,1,1723,2003-04-30,2003,4,30,2003.2,2003.1,3,0
1,1,1,1,1,1,0,1,0,1,1,1724,2003-04-30,2003,4,30,2003.2,2003.1,3,1
1,1,1,1,1,1,0,1,0,1,1,1725,2003-04-30,2003,4,30,2003.2,2003.1,3,1
1,1,1,1,2,2,0,2,0,2,2,1726,2003-04-30,2003,4,30,2003.2,2003.1,3,0
1,1,1,1,1,1,0,1,0,1,1,1727,2003-04-30,2003,4,30,2003.2,2003.1,3,1
1,1,1,1,1,1,0,1,0,1,1,1728,2003-04-30,2003,4,30,2003.2,2003.1,3,1
1,1,1,2,1,1,0,1,0,1,1,1729,2003-04-30,2003,4,30,2003.2,2003.1,3,0
1,1,1,2,1,1,0,1,0,1,1,1730,2003-04-30,2003,4,30,2003.2,2003.1,3,0
2,1,2,2,2,2,0,1,0,2,3,1731,2003-04-30,2003,4,30,2003.2,2003.1,3,0
1,1,1,2,1,1,0,1,0,1,3,1732,2003-04-30,2003,4,30,2003.2,2003.1,3,0
1,1,1,2,1,1,0,1,0,1,1,1733,2003-04-30,2003,4,30,2003.2,2003.1,3,0
1,1,1,2,1,1,0,1,0,1,1,1734,2003-04-30,2003,4,30,2003.2,2003.1,3,0
1,1,1,1,1,1,0,1,0,1,1,1735,2003-04-30,2003,4,30,2003.2,2003.1,3,1
2,1,2,1,2,2,0,2,0,2,2,1736,2003-04-30,2003,4,30,2003.2,2003.1,3,0
1,1,1,1,1,1,0,1,0,1,1,1737,2003-04-30,2003,4,30,2003.2,2003.1,3,1
1,3,1,3,1,1,0,1,0,1,1,1738,2003-04-30,2003,4,30,2003.2,2003.1,3,0
1,1,1,1,1,1,0,1,0,1,1,1739,2003-04-30,2003,4,30,2003.2,2003.1,3,1
1,5,1,2,1,1,0,1,0,1,2,1762,2003-04-30,2003,4,30,2003.2,2003.1,3,0
1,1,1,2,1,1,0,1,0,1,2,1763,2003-04-30,2003,4,30,2003.2,2003.1,3,0
1,1,1,2,1,1,0,1,0,1,1,1764,2003-04-30,2003,4,30,2003.2,2003.1,3,0
1,1,1,1,1,1,0,1,0,1,1,1765,2003-05-03,2003,5,3,2003.2,2003.1,3,1
1,2,1,2,1,1,0,1,0,1,1,1766,2003-05-03,2003,5,3,2003.2,2003.1,3,0
1,1,1,1,1,1,0,1,0,1,1,1767,2003-05-11,2003,5,11,2003.2,2003.1,3,1
1,1,1,1,1,1,0,1,0,1,1,1768,2003-05-30,2003,5,30,2003.2,2003.1,3,1
1,3,1,3,1,1,0,1,0,1,1,1769,2003-05-30,2003,5,30,2003.2,2003.1,3,0
1,1,1,1,5,1,0,1,0,1,1,1770,2003-05-30,2003,5,30,2003.2,2003.1,3,1
1,1,1,1,1,1,0,1,0,1,1,1771,2003-05-30,2003,5,30,2003.2,2003.1,3,1
1,1,1,1,1,1,0,1,0,1,1,1772,2003-05-30,2003,5,30,2003.2,2003.1,3,1
1,1,1,1,1,1,0,1,0,1,1,1773,2003-05-30,2003,5,30,2003.2,2003.1,3,1
1,1,1,1,1,1,0,1,0,1,1,1774,2003-05-30,2003,5,30,2003.2,2003.1,3,1
1,2,1,2,1,1,0,1,0,1,1,1775,2003-05-30,2003,5,30,2003.2,2003.1,3,0
1,2,2,2,1,1,0,1,0,1,3,1776,2003-05-30,2003,5,30,2003.2,2003.1,3,0
1,3,1,3,1,1,0,1,0,1,1,1777,2003-05-30,2003,5,30,2003.2,2003.1,3,0
1,3,1,3,1,1,0,1,0,1,1,1778,2003-05-30,2003,5,30,2003.2,2003.1,3,0
1,3,1,1,1,1,0,1,0,1,1,1779,2003-05-30,2003,5,30,2003.2,2003.1,3,0
2,1,2,1,2,2,0,2,0,2,1,1780,2003-05-30,2003,5,30,2003.2,2003.1,3,0
1,1,1,3,1,1,0,1,0,1,1,1781,2003-05-30,2003,5,30,2003.2,2003.1,3,0
1,3,1,2,5,1,0,1,0,1,1,1782,2003-05-30,2003,5,30,2003.2,2003.1,3,0
1,1,1,2,1,1,0,1,0,1,1,1783,2003-05-30,2003,5,30,2003.2,2003.1,3,0
1,2,2,2,2,1,0,1,0,1,2,1784,2003-05-30,2003,5,30,2003.2,2003.1,3,0
1,1,1,1,1,1,0,1,0,1,1,1785,2003-06-16,2003,6,16,2003.2,2003.1,3,1
1,1,1,1,1,1,0,1,0,1,1,1786,2003-06-16,2003,6,16,2003.2,2003.1,3,1
1,3,1,2,1,1,0,1,0,1,1,1787,2003-06-16,2003,6,16,2003.2,2003.1,3,0
1,1,1,1,1,1,0,1,0,1,1,1788,2003-06-16,2003,6,16,2003.2,2003.1,3,1
3,2,1,1,2,1,0,1,0,3,1,1789,2003-06-16,2003,6,16,2003.2,2003.1,3,0
3,1,1,1,2,1,0,1,0,3,1,1791,2003-06-16,2003,6,16,2003.2,2003.1,3,0
1,1,1,1,1,1,0,1,0,1,1,1806,2003-06-16,2003,6,16,2003.2,2003.1,3,1
1,1,1,2,1,1,0,1,0,1,2,1807,2003-06-16,2003,6,16,2003.2,2003.1,3,0
1,2,1,2,1,1,0,1,0,1,1,1808,2003-06-16,2003,6,16,2003.2,2003.1,3,0
1,1,1,2,1,1,0,1,0,1,1,1809,2003-06-16,2003,6,16,2003.2,2003.1,3,0
1,1,1,2,1,1,0,1,0,1,1,1810,2003-06-16,2003,6,16,2003.2,2003.1,3,0
1,1,1,2,1,1,0,1,0,1,1,1811,2003-06-16,2003,6,16,2003.2,2003.1,3,0
1,1,1,1,1,1,0,1,0,1,1,1812,2003-06-16,2003,6,16,2003.2,2003.1,3,1
1,2,1,2,1,1,0,1,0,3,2,1813,2003-06-16,2003,6,16,2003.2,2003.1,3,0
1,2,1,2,5,1,0,1,0,1,1,1814,2003-06-16,2003,6,16,2003.2,2003.1,3,0
1,3,1,2,5,1,0,1,0,1,1,1815,2003-06-16,2003,6,16,2003.2,2003.1,3,0
1,1,1,1,1,1,0,1,0,1,1,1816,2003-06-25,2003,6,25,2003.2,2003.1,3,1
1,2,1,2,1,1,0,1,0,1,1,1817,2003-06-25,2003,6,25,2003.2,2003.1,3,0
1,3,1,3,1,1,0,1,0,1,1,1818,2003-07-06,2003,7,6,2003.3,2003.2,3,0
1,1,1,1,1,1,0,1,0,1,1,1819,2003-07-06,2003,7,6,2003.3,2003.2,3,1
1,1,1,1,1,1,0,1,0,1,1,1820,2003-07-06,2003,7,6,2003.3,2003.2,3,1
1,1,1,1,1,1,0,1,0,1,1,1821,2003-07-06,2003,7,6,2003.3,2003.2,3,1
1,1,1,1,1,1,0,1,0,1,1,1822,2003-08-22,2003,8,22,2003.3,2003.2,3,1
1,1,1,1,1,1,0,1,0,1,1,1823,2003-08-22,2003,8,22,2003.3,2003.2,3,1
1,3,1,2,1,1,0,1,0,1,1,1824,2003-08-22,2003,8,22,2003.3,2003.2,3,0
1,1,1,2,1,1,0,1,0,1,1,1825,2003-08-22,2003,8,22,2003.3,2003.2,3,0
1,1,1,1,1,1,0,1,0,1,1,1826,2003-08-22,2003,8,22,2003.3,2003.2,3,1
1,1,1,1,1,1,0,1,0,1,1,1827,2003-08-22,2003,8,22,2003.3,2003.2,3,1
1,3,1,3,1,1,0,1,0,1,3,1828,2003-08-22,2003,8,22,2003.3,2003.2,3,0
2,3,2,1,2,2,0,2,0,2,3,1829,2003-08-22,2003,8,22,2003.3,2003.2,3,0
1,1,1,2,1,2,0,1,0,1,1,1830,2003-08-22,2003,8,22,2003.3,2003.2,3,0
1,1,1,2,1,1,0,1,0,1,1,1831,2003-08-22,2003,8,22,2003.3,2003.2,3,0
1,1,1,2,1,1,0,1,0,1,2,1832,2003-08-22,2003,8,22,2003.3,2003.2,3,0
1,1,1,2,1,1,0,1,0,1,1,1833,2003-08-22,2003,8,22,2003.3,2003.2,3,0
1,1,1,2,1,1,0,1,0,1,1,1834,2003-08-22,2003,8,22,2003.3,2003.2,3,0
1,1,1,2,1,1,0,1,0,1,1,1835,2003-08-22,2003,8,22,2003.3,2003.2,3,0
1,1,1,1,2,1,0,1,0,1,1,1836,2003-08-22,2003,8,22,2003.3,2003.2,3,0
1,1,2,2,3,1,0,1,0,1,3,1837,2003-08-22,2003,8,22,2003.3,2003.2,3,0
1,1,1,2,3,1,0,1,0,1,1,1838,2003-08-22,2003,8,22,2003.3,2003.2,3,0
1,1,1,1,1,1,0,1,0,1,1,1839,2003-08-22,2003,8,22,2003.3,2003.2,3,1
1,1,1,2,1,1,0,1,0,1,1,1840,2003-08-22,2003,8,22,2003.3,2003.2,3,0
1,2,1,2,1,1,0,1,0,1,1,1841,2003-08-22,2003,8,22,2003.3,2003.2,3,0
1,1,1,1,1,1,0,1,0,1,1,1842,2003-08-22,2003,8,22,2003.3,2003.2,3,1
1,3,1,2,1,1,0,1,0,1,1,1843,2003-08-22,2003,8,22,2003.3,2003.2,3,0
1,1,1,1,1,1,0,1,0,1,1,1844,2003-08-22,2003,8,22,2003.3,2003.2,3,1
1,1,1,2,1,1,0,1,0,1,1,1845,2003-08-22,2003,8,22,2003.3,2003.2,3,0
1,1,1,1,1,1,0,1,0,1,1,1846,2003-08-22,2003,8,22,2003.3,2003.2,3,1
1,1,1,1,1,1,0,1,0,1,1,1847,2003-08-22,2003,8,22,2003.3,2003.2,3,1
1,1,1,1,1,1,0,1,0,1,1,1848,2003-08-22,2003,8,22,2003.3,2003.2,3,1
1,1,1,1,1,1,0,1,0,1,1,1849,2003-08-22,2003,8,22,2003.3,2003.2,3,1
1,1,1,2,1,1,0,1,0,1,1,1850,2003-08-22,2003,8,22,2003.3,2003.2,3,0
1,1,1,2,1,1,0,1,0,1,1,1851,2003-08-22,2003,8,22,2003.3,2003.2,3,0
1,1,1,2,1,1,0,1,0,1,1,1852,2003-08-22,2003,8,22,2003.3,2003.2,3,0
1,1,1,2,1,1,0,1,0,1,1,1853,2003-08-22,2003,8,22,2003.3,2003.2,3,0
1,1,1,2,1,1,0,1,0,1,1,1854,2003-08-22,2003,8,22,2003.3,2003.2,3,0
1,2,1,2,1,1,0,1,0,1,2,1855,2003-08-22,2003,8,22,2003.3,2003.2,3,0
1,1,1,1,1,1,0,1,0,1,1,1857,2003-08-22,2003,8,22,2003.3,2003.2,3,1
1,1,1,2,1,1,0,1,0,1,1,1858,2003-08-22,2003,8,22,2003.3,2003.2,3,0
1,1,1,2,1,1,0,1,0,1,1,1859,2003-08-22,2003,8,22,2003.3,2003.2,3,0
1,1,1,1,1,2,0,1,0,1,1,1860,2003-08-22,2003,8,22,2003.3,2003.2,3,0
1,1,1,1,1,1,0,1,0,1,1,1861,2003-08-22,2003,8,22,2003.3,2003.2,3,1
1,1,1,1,1,1,0,1,0,1,1,1871,2003-08-22,2003,8,22,2003.3,2003.2,3,1
1,1,1,2,1,1,0,1,0,1,1,1874,2003-08-22,2003,8,22,2003.3,2003.2,3,0
1,1,1,2,1,1,0,1,0,1,1,1881,2003-08-22,2003,8,22,2003.3,2003.2,3,0
1,2,1,1,1,1,0,1,0,1,1,1893,2003-08-22,2003,8,22,2003.3,2003.2,3,0
1,1,1,1,1,1,0,1,0,1,1,1894,2003-08-22,2003,8,22,2003.3,2003.2,3,1
1,1,5,1,1,1,0,1,0,1,1,1895,2003-10-10,2003,10,10,2003.4,2003.2,3,1
1,1,1,2,1,1,0,1,0,1,1,1896,2003-10-10,2003,10,10,2003.4,2003.2,3,0
1,3,1,2,1,1,0,1,0,1,1,1897,2003-10-10,2003,10,10,2003.4,2003.2,3,0
1,1,1,1,5,1,0,1,0,1,1,1898,2003-10-10,2003,10,10,2003.4,2003.2,3,1
1,1,1,1,1,1,0,1,0,1,1,1899,2003-10-10,2003,10,10,2003.4,2003.2,3,1
2,2,2,1,2,2,0,2,0,2,2,1900,2003-10-10,2003,10,10,2003.4,2003.2,3,0
2,1,2,1,2,2,0,2,0,3,3,1901,2003-10-10,2003,10,10,2003.4,2003.2,3,0
1,3,1,3,1,1,0,1,0,3,1,1902,2003-10-10,2003,10,10,2003.4,2003.2,3,0
2,3,2,3,2,2,0,2,0,2,3,1903,2003-10-10,2003,10,10,2003.4,2003.2,3,0
1,1,1,1,1,1,0,1,0,1,1,1904,2003-10-10,2003,10,10,2003.4,2003.2,3,1
1,1,1,1,1,1,0,1,0,1,1,1905,2003-10-10,2003,10,10,2003.4,2003.2,3,1
1,1,1,2,1,1,0,1,0,1,1,1906,2003-10-10,2003,10,10,2003.4,2003.2,3,0
1,1,1,2,1,1,0,1,0,1,1,2065,2003-10-10,2003,10,10,2003.4,2003.2,3,0
1,1,1,2,1,1,0,1,0,1,1,2071,2003-10-10,2003,10,10,2003.4,2003.2,3,0
1,1,1,1,1,1,0,1,0,1,1,2084,2003-10-10,2003,10,10,2003.4,2003.2,3,1
1,1,1,1,1,1,0,1,0,1,1,2098,2003-10-10,2003,10,10,2003.4,2003.2,3,1
1,3,1,2,1,1,0,1,0,1,1,2101,2003-10-10,2003,10,10,2003.4,2003.2,3,0
1,3,1,2,1,1,0,1,0,1,1,2102,2003-10-10,2003,10,10,2003.4,2003.2,3,0
1,1,1,1,1,1,0,1,0,1,1,2103,2003-10-10,2003,10,10,2003.4,2003.2,3,1
1,1,1,1,1,1,0,1,0,1,1,2104,2003-10-10,2003,10,10,2003.4,2003.2,3,1
1,1,1,1,1,1,0,1,0,1,1,2105,2003-10-10,2003,10,10,2003.4,2003.2,3,1
2,1,1,1,1,1,0,1,0,1,3,2106,2003-10-21,2003,10,21,2003.4,2003.2,3,0
2,1,1,1,1,1,0,1,0,1,1,2107,2003-10-21,2003,10,21,2003.4,2003.2,3,0
2,2,2,2,2,2,0,2,0,2,2,2108,2003-10-21,2003,10,21,2003.4,2003.2,3,1
2,3,1,3,1,1,0,1,0,1,1,2109,2003-10-21,2003,10,21,2003.4,2003.2,3,0
2,1,3,1,2,2,0,2,0,1,2,2110,2003-10-21,2003,10,21,2003.4,2003.2,3,0
2,1,1,1,1,1,0,1,0,1,1,2111,2003-10-21,2003,10,21,2003.4,2003.2,3,0
1,1,1,2,1,1,0,1,0,1,1,2112,2003-10-21,2003,10,21,2003.4,2003.2,3,0
1,1,1,1,1,1,0,1,0,1,1,2127,2003-10-21,2003,10,21,2003.4,2003.2,3,1
1,1,1,2,1,1,0,1,0,1,2,2132,2003-10-21,2003,10,21,2003.4,2003.2,3,0
1,1,1,1,1,1,0,1,0,1,1,2134,2003-10-21,2003,10,21,2003.4,2003.2,3,1
1,1,1,1,2,1,0,1,0,1,1,2146,2003-10-21,2003,10,21,2003.4,2003.2,3,0
1,1,1,2,2,1,0,1,0,1,1,2149,2003-10-21,2003,10,21,2003.4,2003.2,3,0
1,1,1,2,1,1,0,1,0,1,1,2154,2003-10-21,2003,10,21,2003.4,2003.2,3,0
1,1,1,2,1,1,0,1,0,1,1,2157,2003-10-21,2003,10,21,2003.4,2003.2,3,0
1,1,1,2,1,1,0,1,0,1,1,2162,2003-10-21,2003,10,21,2003.4,2003.2,3,0
1,1,1,1,1,1,0,1,0,1,1,2176,2003-10-21,2003,10,21,2003.4,2003.2,3,1
1,1,1,1,2,1,0,1,0,1,1,2179,2003-10-21,2003,10,21,2003.4,2003.2,3,0
1,1,1,1,1,1,0,1,0,1,1,2180,2003-10-21,2003,10,21,2003.4,2003.2,3,1
1,3,1,3,1,1,0,1,0,1,1,5003,2002-09-24,2002,9,24,2002.3,2002.2,3,0
1,1,1,1,1,1,0,1,0,1,1,5010,2002-07-03,2002,7,3,2002.3,2002.2,3,1
1,3,1,1,1,1,0,1,0,1,1,5011,2002-07-03,2002,7,3,2002.3,2002.2,3,0
1,1,1,1,1,1,0,1,0,1,1,5012,2002-07-03,2002,7,3,2002.3,2002.2,3,1
1,1,1,1,1,1,0,1,0,1,1,5013,2002-07-03,2002,7,3,2002.3,2002.2,3,1
1,1,1,1,1,1,0,1,0,1,1,5024,2002-07-03,2002,7,3,2002.3,2002.2,3,1
1,1,1,2,1,1,0,1,0,1,1,5027,2002-07-03,2002,7,3,2002.3,2002.2,3,0
1,1,2,2,1,1,0,1,0,1,1,5028,2002-07-03,2002,7,3,2002.3,2002.2,3,0
1,2,1,2,1,1,0,1,0,1,1,5029,2002-07-03,2002,7,3,2002.3,2002.2,3,0
1,2,1,2,1,1,0,1,0,5,1,5030,2002-07-03,2002,7,3,2002.3,2002.2,3,0
1,2,1,2,1,1,0,1,0,5,1,5031,2002-07-03,2002,7,3,2002.3,2002.2,3,0
1,5,1,2,1,1,0,2,0,2,2,5034,2002-07-03,2002,7,3,2002.3,2002.2,3,0
2,2,2,1,2,2,0,2,0,2,2,5035,2002-07-03,2002,7,3,2002.3,2002.2,3,0
1,1,1,2,1,1,0,1,0,1,1,5036,2002-08-09,2002,8,9,2002.3,2002.2,3,0
1,1,1,2,1,1,0,1,0,1,1,5037,2002-08-09,2002,8,9,2002.3,2002.2,3,0
1,1,1,2,1,1,0,1,0,1,1,5040,2002-09-24,2002,9,24,2002.3,2002.2,3,0
1,3,1,2,1,1,0,1,0,1,1,5041,2002-09-24,2002,9,24,2002.3,2002.2,3,0
1,2,1,2,1,1,0,1,0,1,1,5042,2002-10-03,2002,10,3,2002.4,2002.2,3,0
1,2,1,2,1,1,0,1,0,1,1,5043,2002-10-03,2002,10,3,2002.4,2002.2,3,0
1,1,1,2,1,1,0,1,0,1,1,5044,2002-10-21,2002,10,21,2002.4,2002.2,3,0
2,2,1,1,1,1,0,2,0,2,1,5045,2002-11-27,2002,11,27,2002.4,2002.2,3,0
1,1,1,2,1,1,0,1,0,1,1,5046,2002-11-27,2002,11,27,2002.4,2002.2,3,0
